{
  "logAmp": -1.17654109001,
  "order": 0,
  "fix_c0": true,
  "spectrum_id": 0,
  "sigAmp": 3.7734518051099997,
  "cheb": [
    -0.0271124877036,
    -0.00862965453416,
    -0.0056903236545600006
  ],
  "l": 41.9629211426
}