{
  "Av": 0.0,
  "grid": [
    4269.375757313832,
    3.5000000000049374,
    -0.2712226436782773
  ],
  "logOmega": -0.18567453244061524,
  "vsini": 32.20546150868923,
  "vz": 15.464340051837107
}