{
  "cheb": [
    -0.016404125674122194,
    0.017522008862600573,
    -0.015412308641743644
  ],
  "fix_c0": true,
  "l": 10.0,
  "logAmp": -1.75,
  "order": 0,
  "sigAmp": 1.0,
  "spectrum_id": 0
}