{
  "logAmp": -1.5331293344499999,
  "order": 0,
  "fix_c0": true,
  "spectrum_id": 0,
  "sigAmp": 2.4802737236000003,
  "cheb": [
    -0.0278505962342,
    0.017270151525700002,
    -0.0205431636423
  ],
  "l": 28.0897712708
}