{
  "Av": 0.0,
  "grid": [
    4229.9248935732285,
    3.753017951273603,
    -0.012774440348320334
  ],
  "logOmega": -0.10052834097184155,
  "vsini": 26.92354042796572,
  "vz": 15.64417705560684
}