{
  "Av": 0.0,
  "grid": [
    3590.5044728357784,
    3.999999999997434,
    -0.03344064777145742
  ],
  "logOmega": -0.019798679847292087,
  "vsini": 29.19489100449421,
  "vz": 15.314788983926928
}