{
  "cheb": [
    0.0030198947472789006,
    0.005636180902628114,
    0.012522052645165371
  ],
  "fix_c0": true,
  "l": 10.0,
  "logAmp": -1.75,
  "order": 0,
  "sigAmp": 1.0,
  "spectrum_id": 0
}