{
  "l": 8.65623378754,
  "order": 0,
  "logAmp": -1.4783486127899998,
  "sigAmp": 0.261313259602,
  "spectrum_id": 0,
  "fix_c0": true,
  "cheb": [
    -0.00198829593137,
    -0.00182355719153,
    0.00796652119607
  ]
}