{
  "Av": 0.0,
  "grid": [
    3966.3884319037575,
    3.50000000000277,
    -0.028288983505256552
  ],
  "logOmega": -0.05629373326582293,
  "vsini": 34.893050285063836,
  "vz": 11.493184179067697
}