{
  "cheb": [
    0.005065265713845003,
    0.01590952946706216,
    -0.006219366678192825
  ],
  "fix_c0": true,
  "l": 10.0,
  "logAmp": -1.75,
  "order": 0,
  "sigAmp": 1.0,
  "spectrum_id": 0
}