{
  "Av": 0.0,
  "grid": [
    3932.443403482014,
    3.7142671524478614,
    0.10738674143739338
  ],
  "logOmega": -0.14037317937213248,
  "vsini": 28.938641969740644,
  "vz": 15.049535450648513
}