{
  "l": 7.22788715363,
  "order": 0,
  "logAmp": -1.70869600773,
  "sigAmp": 0.306252449751,
  "spectrum_id": 0,
  "fix_c0": true,
  "cheb": [
    -0.0291032660753,
    -0.00532573461533,
    -0.0076795713976
  ]
}