{
  "Av": 0.0,
  "grid": [
    3955.4295036737985,
    3.728718963913317,
    -0.06896019839321818
  ],
  "logOmega": -0.11376628258749694,
  "vsini": 30.10390301438909,
  "vz": 15.4913113907033
}