{
  "cheb": [
    0.02418358697213012,
    -0.015333901760165355,
    0.018887193795888622
  ],
  "fix_c0": true,
  "l": 10.0,
  "logAmp": -1.75,
  "order": 0,
  "sigAmp": 1.0,
  "spectrum_id": 0
}