{
  "Av": 0.0,
  "grid": [
    4038.0350998314216,
    3.707240576960702,
    0.13355924835698185
  ],
  "logOmega": -0.1858500042666156,
  "vsini": 28.776381685967653,
  "vz": 15.628299413361207
}