{
  "cheb": [
    0.02222638747724328,
    -0.005224117894163169,
    0.006736995604714455
  ],
  "fix_c0": true,
  "l": 20.0,
  "logAmp": -2.0,
  "order": 0,
  "sigAmp": 1.0,
  "spectrum_id": 0
}