{
  "cheb": [
    0.8703343581182788,
    -1.274816267027015,
    0.378770991974401
  ],
  "fix_c0": true,
  "l": 20.0,
  "logAmp": -2.0,
  "order": 0,
  "sigAmp": 1.0,
  "spectrum_id": 0
}