{
  "Av": 0.0,
  "grid": [
    4299.9999994386435,
    3.999999999982653,
    -0.10241470006728598
  ],
  "logOmega": -0.4531148389748919,
  "vsini": 22.41371468200876,
  "vz": 66.20031518609045
}