{
  "cheb": [
    0.003842077601850258,
    0.016998798524439553,
    0.020307904962636195
  ],
  "fix_c0": true,
  "l": 10.0,
  "logAmp": -1.75,
  "order": 0,
  "sigAmp": 1.0,
  "spectrum_id": 0
}