{
  "cheb": [
    0.020238289148565694,
    -0.006142159185541175,
    -0.0040355276275375294
  ],
  "fix_c0": true,
  "l": 20.0,
  "logAmp": -2.0,
  "order": 0,
  "sigAmp": 1.0,
  "spectrum_id": 0
}