{
  "cheb": [
    -0.027400828050356082,
    -0.0071179891199048585,
    -0.004450023031527198
  ],
  "fix_c0": true,
  "l": 10.0,
  "logAmp": -1.75,
  "order": 0,
  "sigAmp": 1.0,
  "spectrum_id": 0
}