{
  "Av": 0.0,
  "grid": [
    4069.6602211437835,
    3.748890821843493,
    0.11647377409206217
  ],
  "logOmega": -0.19867828555249892,
  "vsini": 29.06545866824233,
  "vz": 15.45683250245336
}