{
  "cheb": [
    0.018202009654789058,
    0.0050293821531686555,
    -0.0003216308292339496
  ],
  "fix_c0": true,
  "l": 20.0,
  "logAmp": -2.0,
  "order": 0,
  "sigAmp": 1.0,
  "spectrum_id": 0
}