{
  "cheb": [
    0.01650791876463003,
    0.0013847723765294203,
    -0.0020913361309087856
  ],
  "fix_c0": true,
  "l": 20.0,
  "logAmp": -2.0,
  "order": 0,
  "sigAmp": 1.0,
  "spectrum_id": 0
}