{
  "l": 32.0492515564,
  "order": 0,
  "logAmp": -1.4,
  "sigAmp": 0.239690378308,
  "spectrum_id": 0,
  "fix_c0": true,
  "cheb": [
    -0.009677672758700002,
    0.00912391860038,
    0.00132891756948
  ]
}