{
  "cheb": [
    -0.013839580960811865,
    0.007057786725162104,
    0.0008681286856113953
  ],
  "fix_c0": true,
  "l": 10.0,
  "logAmp": -1.75,
  "order": 0,
  "sigAmp": 1.0,
  "spectrum_id": 0
}