{
  "Av": 0.0,
  "grid": [
    3646.0356741320807,
    3.7663230314693514,
    0.02334392989498154
  ],
  "logOmega": -0.06221856554343548,
  "vsini": 36.33320280559268,
  "vz": 15.452474256459006
}