{
  "cheb": [
    -0.04768613454008002,
    0.0184852783486465,
    0.018817951194799322
  ],
  "fix_c0": true,
  "l": 25.0,
  "logAmp": -1.9,
  "order": 0,
  "sigAmp": 0.4,
  "spectrum_id": 0
}