{
  "logAmp": -1.2238839864700002,
  "order": 0,
  "fix_c0": true,
  "spectrum_id": 0,
  "sigAmp": 3.31582641602,
  "cheb": [
    -0.00519355759025,
    0.030179716646699998,
    0.0189015809447
  ],
  "l": 46.1006851196
}