{
  "Av": 0.0,
  "grid": [
    4221.934052560278,
    3.7521948206820785,
    -0.49999999999992495
  ],
  "logOmega": -0.1096180068772582,
  "vsini": 27.389570566421632,
  "vz": 15.262504372590598
}