{
  "cheb": [
    0.010615563618086228,
    -0.005332768354683293,
    -0.008273248650469887
  ],
  "fix_c0": true,
  "l": 20.0,
  "logAmp": -2.0,
  "order": 0,
  "sigAmp": 1.0,
  "spectrum_id": 0
}