{
  "cheb": [
    0.01621056039332233,
    0.0030125946547119075,
    -0.0026318572864754064
  ],
  "fix_c0": true,
  "l": 25.0,
  "logAmp": -2.7,
  "order": 0,
  "sigAmp": 0.3,
  "spectrum_id": 0
}