{
  "Av": 0.0,
  "grid": [
    4236.415709267361,
    3.726713229966277,
    0.09117150477716682
  ],
  "logOmega": -0.2991598141112576,
  "vsini": 29.46546551010406,
  "vz": 94.75465023038262
}