{
  "cheb": [
    0.0022584841898184776,
    -0.008801574086407138,
    0.021349907707353788
  ],
  "fix_c0": true,
  "l": 9.0,
  "logAmp": -1.5,
  "order": 0,
  "regions": [
    [
      -1.3,
      5890.5590999999995,
      20.0
    ],
    [
      -1.3,
      5896.411099999999,
      20.0
    ]
  ],
  "sigAmp": 1.0,
  "spectrum_id": 0
}