{
  "mus": [
    5890.5590999999995,
    5896.411099999999
  ],
  "order": 0,
  "spectrum_id": 0
}