{
  "cheb": [
    0.0026346386591488396,
    -0.009140385979691624,
    0.02111232073649036
  ],
  "fix_c0": true,
  "l": 10.0,
  "logAmp": -1.75,
  "order": 0,
  "sigAmp": 1.0,
  "spectrum_id": 0
}