{
  "cheb": [
    0.012710159126711737,
    -0.0038068655532210076,
    0.002158626571212161
  ],
  "fix_c0": true,
  "l": 25.0,
  "logAmp": -2.7,
  "order": 0,
  "sigAmp": 0.3,
  "spectrum_id": 0
}