{
  "Av": 0.0,
  "grid": [
    4083.7120170289227,
    3.500000000109734,
    -0.03723472550194552
  ],
  "logOmega": -0.2930891813022542,
  "vsini": 28.770205845253535,
  "vz": 95.06703630605975
}