{
  "cheb": [
    0.019585242166373217,
    -0.00023339876390410987,
    -0.0024051175189635
  ],
  "fix_c0": true,
  "l": 20.0,
  "logAmp": -2.0,
  "order": 0,
  "sigAmp": 1.0,
  "spectrum_id": 0
}