{
  "l": 10.5176277161,
  "order": 0,
  "sigAmp": 0.420399039984,
  "fix_c0": true,
  "cheb": [
    0.026006763801,
    -0.0038819967303400003,
    -0.0008588214404880001
  ],
  "logAmp": -1.9101096391699999,
  "spectrum_id": 0
}