{
  "cheb": [
    0.023773411288900002,
    -0.0010020390618600001,
    -0.0023957658559099998
  ],
  "fix_c0": true,
  "order": 0,
  "spectrum_id": 0,
  "l": 10.7516469955,
  "logAmp": -1.89897227287,
  "sigAmp": 0.42045712471
}