{
  "Av": 0.0,
  "grid": [
    3500.000000018932,
    3.9999999999489555,
    -0.23174053776751868
  ],
  "logOmega": -0.2932058598800163,
  "vsini": 25.80936226862905,
  "vz": 95.73231789755752
}