{
  "Av": 0.0,
  "grid": [
    4240.269585679928,
    3.76039906791367,
    -0.10479253795312374
  ],
  "logOmega": -0.29095241805990135,
  "vsini": 23.986896296449622,
  "vz": 95.43888052676822
}