{
  "cheb": [
    0.008373139644537049,
    0.0036937188641319465,
    -0.005922485573484416
  ],
  "fix_c0": true,
  "l": 20.0,
  "logAmp": -2.0,
  "order": 0,
  "sigAmp": 1.0,
  "spectrum_id": 0
}