{
  "Av": 0.0,
  "grid": [
    3500.0000007563276,
    3.9999999946553766,
    -0.28699853841172546
  ],
  "logOmega": -0.4718537993993534,
  "vsini": 34.69433725924722,
  "vz": 92.76765157731262
}