{
  "cheb": [
    -0.11439259088405562,
    0.007196898756349008,
    0.020757783287276357
  ],
  "fix_c0": true,
  "l": 10.0,
  "logAmp": -1.75,
  "order": 0,
  "sigAmp": 1.0,
  "spectrum_id": 0
}