{
  "Av": 0.0,
  "grid": [
    4229.447351038363,
    3.7656884514956435,
    0.49999999999838635
  ],
  "logOmega": -0.1361226180363962,
  "vsini": 31.798360215731073,
  "vz": 14.908036268920752
}