{
  "cheb": [
    0.014899641055342704,
    -0.002258071558281916,
    0.00041977824009324617
  ],
  "fix_c0": true,
  "l": 20.0,
  "logAmp": -2.0,
  "order": 0,
  "sigAmp": 1.0,
  "spectrum_id": 0
}