{
  "cheb": [
    0.012788891274780731,
    -0.0034416411642516835,
    -0.0013129287507342505
  ],
  "fix_c0": true,
  "l": 10.0,
  "logAmp": -1.75,
  "order": 0,
  "sigAmp": 1.0,
  "spectrum_id": 0
}