{
  "Av": 0.0,
  "grid": [
    4061.26064692799,
    3.5000000000001217,
    -0.0027709406464320645
  ],
  "logOmega": -0.15584725732912147,
  "vsini": 28.194416380954564,
  "vz": 15.494319049637529
}