{
  "cheb": [
    0.02860283473308138,
    -0.0010122936193144685,
    0.005592247928661238
  ],
  "fix_c0": true,
  "l": 10.0,
  "logAmp": -1.75,
  "order": 0,
  "sigAmp": 1.0,
  "spectrum_id": 0
}