{
  "Av": 0.0,
  "grid": [
    3890.5302533932045,
    3.5000000103358633,
    -0.0005434907760054151
  ],
  "logOmega": -0.1306515138234262,
  "vsini": 29.465024380130235,
  "vz": 15.23199633313598
}