{
  "cheb": [
    0.026216518133900003,
    0.00793889258057,
    0.00152171845548
  ],
  "fix_c0": true,
  "order": 0,
  "spectrum_id": 0,
  "l": 10.6467857361,
  "logAmp": -2.15589857101,
  "sigAmp": 0.380851000547
}