{
  "cheb": [
    0.03160184427891017,
    0.0036789287656588694,
    0.0013083222373574727
  ],
  "fix_c0": true,
  "l": 20.0,
  "logAmp": -2.0,
  "order": 0,
  "sigAmp": 1.0,
  "spectrum_id": 0
}