{
  "l": 13.794482231099998,
  "order": 0,
  "sigAmp": 0.409314393997,
  "fix_c0": true,
  "cheb": [
    0.033923394978,
    0.005698999390010001,
    0.00265353382565
  ],
  "logAmp": -2.0916032791099997,
  "spectrum_id": 0
}