{
  "Av": 0.0,
  "grid": [
    4229.812911600435,
    3.7578883081597096,
    -0.49999999999955436
  ],
  "logOmega": -0.2460246915963467,
  "vsini": 25.662150594864862,
  "vz": 99.55431387286802
}