{
  "Av": 0.0,
  "grid": [
    3500.000000019176,
    3.999999999975297,
    -0.21362483847300412
  ],
  "logOmega": -0.24768976561620504,
  "vsini": 45.96075902566488,
  "vz": 92.5709396137351
}