{
  "cheb": [
    0.02208521644606866,
    0.0016285491132282499,
    -0.0012083268287966845
  ],
  "fix_c0": true,
  "l": 25.0,
  "logAmp": -1.9,
  "order": 0,
  "sigAmp": 0.4,
  "spectrum_id": 0
}