{
  "cheb": [
    0.0225820012362732,
    0.003993485164921542,
    -0.005592470007858227
  ],
  "fix_c0": true,
  "l": 20.0,
  "logAmp": -2.0,
  "order": 0,
  "sigAmp": 1.0,
  "spectrum_id": 0
}