{
  "cheb": [
    -0.009353360670102274,
    -0.005416693413451027,
    0.005446139598471671
  ],
  "fix_c0": true,
  "l": 10.0,
  "logAmp": -1.75,
  "order": 0,
  "sigAmp": 1.0,
  "spectrum_id": 0
}