{
  "Av": 0.0,
  "grid": [
    3875.480942346925,
    3.5000000000247624,
    -8.632725934251947e-05
  ],
  "logOmega": -0.1186922557010352,
  "vsini": 29.450938678148518,
  "vz": 15.777204759861803
}