{
  "cheb": [
    0.008456784055656738,
    -0.005895449369460576,
    -0.003368534170560278
  ],
  "fix_c0": true,
  "l": 25.0,
  "logAmp": -1.9,
  "order": 0,
  "sigAmp": 0.4,
  "spectrum_id": 0
}