{
  "cheb": [
    0.00830350536853,
    -0.00485538877547,
    -0.0045993947424
  ],
  "fix_c0": true,
  "order": 0,
  "spectrum_id": 0,
  "l": 17.391454696700002,
  "logAmp": -1.94873714447,
  "sigAmp": 0.410029023886
}