{
  "l": 18.174064636199997,
  "order": 0,
  "sigAmp": 0.413852244616,
  "fix_c0": true,
  "cheb": [
    0.012857530266,
    -0.00921449717134,
    0.0004944431711919999
  ],
  "logAmp": -1.92980086803,
  "spectrum_id": 0
}