{
  "Av": 0.0,
  "grid": [
    3500.0000000082337,
    3.8278417877496485,
    -0.170018784312835
  ],
  "logOmega": -0.2730525859961074,
  "vsini": 34.13820893509011,
  "vz": 100.03775599708601
}