{
  "Av": 0.0,
  "grid": [
    3302.8744397795467,
    3.7384085639629308,
    -0.4999999999992728
  ],
  "logOmega": -0.27249489222776646,
  "vsini": 30.803308587420098,
  "vz": 101.39620004230902
}