{
  "logAmp": -0.915194928646,
  "order": 0,
  "fix_c0": true,
  "spectrum_id": 0,
  "sigAmp": 4.42421197891,
  "cheb": [
    0.0452837757766,
    0.011038758792000001,
    0.038884826004499995
  ],
  "l": 72.1149520874
}