{
  "Av": 0.0,
  "grid": [
    3614.1317896748733,
    3.847374146744861,
    -0.4999999999990732
  ],
  "logOmega": -0.2514959234005688,
  "vsini": 32.83154300386932,
  "vz": 14.57374250262717
}