{
  "cheb": [
    0.012288815257937208,
    -0.005790922260092013,
    -0.0019116261871901805
  ],
  "fix_c0": true,
  "l": 20.0,
  "logAmp": -2.0,
  "order": 0,
  "sigAmp": 1.0,
  "spectrum_id": 0
}