{
  "cheb": [
    0.01260724644453572,
    -0.006196859491761416,
    -0.0002912226915467405
  ],
  "fix_c0": true,
  "l": 20.0,
  "logAmp": -2.0,
  "order": 0,
  "sigAmp": 1.0,
  "spectrum_id": 0
}