{
  "cheb": [
    -0.01737727683897168,
    0.0010498718048892238,
    -0.002886049804357036
  ],
  "fix_c0": true,
  "l": 10.0,
  "logAmp": -1.75,
  "order": 0,
  "sigAmp": 1.0,
  "spectrum_id": 0
}