{
  "Av": 0.0,
  "grid": [
    3952.9946784852755,
    3.5000000000002744,
    0.0010203399166066485
  ],
  "logOmega": -0.16342827062201903,
  "vsini": 29.242876946583465,
  "vz": 15.231910950996458
}