{
  "cheb": [
    0.016815091289341638,
    0.004518862960053539,
    -0.00262760880769906
  ],
  "fix_c0": true,
  "l": 20.0,
  "logAmp": -2.0,
  "order": 0,
  "sigAmp": 1.0,
  "spectrum_id": 0
}