{
  "cheb": [
    0.01662069053924829,
    0.0030888814954995766,
    0.0006568939319922223
  ],
  "fix_c0": true,
  "l": 10.0,
  "logAmp": -1.75,
  "order": 0,
  "sigAmp": 1.0,
  "spectrum_id": 0
}