{
  "Av": 0.0,
  "grid": [
    3929.301993758035,
    3.5000000000006652,
    -0.000994269070411852
  ],
  "logOmega": -0.10738894318014869,
  "vsini": 28.625829874670202,
  "vz": 15.126066818318574
}