{
  "cheb": [
    0.14739899266982717,
    0.42737527946585085,
    0.37721769446965964
  ],
  "fix_c0": true,
  "l": 10.0,
  "logAmp": -1.75,
  "order": 0,
  "sigAmp": 1.0,
  "spectrum_id": 0
}