{
  "Av": 0.0,
  "grid": [
    4295.630112439103,
    3.5000000000043467,
    0.0377897550188996
  ],
  "logOmega": -0.08414324497643771,
  "vsini": 95.53483880817043,
  "vz": 21.00885525402566
}