{
  "cheb": [
    0.0023329582039154032,
    0.009288889880991117,
    0.004807737144869217
  ],
  "fix_c0": true,
  "l": 10.0,
  "logAmp": -1.75,
  "order": 0,
  "sigAmp": 1.0,
  "spectrum_id": 0
}