{
  "cheb": [
    -0.023579144100284527,
    0.11683194653354079,
    -0.0205326983053627
  ],
  "fix_c0": true,
  "l": 20.0,
  "logAmp": -2.0,
  "order": 0,
  "sigAmp": 1.0,
  "spectrum_id": 0
}