{
  "cheb": [
    0.009471235111269453,
    -0.0010278257616968102,
    0.006393293579056181
  ],
  "fix_c0": true,
  "l": 10.0,
  "logAmp": -1.75,
  "order": 0,
  "sigAmp": 1.0,
  "spectrum_id": 0
}