{
  "cheb": [
    -0.11401713963972718,
    0.01846554396904607,
    -0.00020052977447236974
  ],
  "fix_c0": true,
  "l": 10.0,
  "logAmp": -1.75,
  "order": 0,
  "sigAmp": 1.0,
  "spectrum_id": 0
}