{
  "cheb": [
    0.022103686356684884,
    -0.00511091115975232,
    0.006539065952961457
  ],
  "fix_c0": true,
  "l": 20.0,
  "logAmp": -2.0,
  "order": 0,
  "sigAmp": 1.0,
  "spectrum_id": 0
}