{
  "l": 14.084773063699998,
  "order": 0,
  "sigAmp": 0.45927190780599997,
  "fix_c0": true,
  "cheb": [
    0.027572222054,
    -0.006347089540209999,
    0.00465874420479
  ],
  "logAmp": -1.99172103405,
  "spectrum_id": 0
}