{
  "cheb": [
    0.023880988495264294,
    -0.003562746766406259,
    0.003985559317198652
  ],
  "fix_c0": true,
  "l": 25.0,
  "logAmp": -1.9,
  "order": 0,
  "sigAmp": 0.4,
  "spectrum_id": 0
}