{
  "cheb": [
    0.0321476869285,
    -0.00748485606164,
    0.00766206579283
  ],
  "fix_c0": true,
  "order": 0,
  "spectrum_id": 0,
  "l": 14.9518241882,
  "logAmp": -1.9758794307700005,
  "sigAmp": 0.464937508106
}