{
  "Av": 0.0,
  "grid": [
    3500.0000370014204,
    3.9999999999488627,
    -0.2069868098108669
  ],
  "logOmega": -0.23210765906558384,
  "vsini": 29.53817543261509,
  "vz": 91.51304802916673
}