{
  "Av": 0.0,
  "grid": [
    3269.5019170749238,
    3.723065146480885,
    0.4999999999994752
  ],
  "logOmega": -0.234107060522941,
  "vsini": 33.06447334669836,
  "vz": 91.84660100977786
}