{
  "cheb": [
    0.02234220866740185,
    0.016498442490554155,
    -0.006409624896890039
  ],
  "fix_c0": true,
  "l": 10.0,
  "logAmp": -1.75,
  "order": 0,
  "sigAmp": 1.0,
  "spectrum_id": 0
}