{
  "Av": 0.0,
  "grid": [
    3918.6303132411904,
    3.500000000004933,
    -0.0024784331146186413
  ],
  "logOmega": -0.18562595707058527,
  "vsini": 29.205399608115307,
  "vz": 15.877552707108528
}