{
  "cheb": [
    0.0711837449430204,
    0.012718699541167236,
    0.007414191410293494
  ],
  "fix_c0": true,
  "l": 20.0,
  "logAmp": -2.0,
  "order": 0,
  "sigAmp": 1.0,
  "spectrum_id": 0
}