{
  "Av": 0.0,
  "grid": [
    3572.156773689464,
    3.5000000000000493,
    -0.20885746918284961
  ],
  "logOmega": -0.3457100963617819,
  "vsini": 34.36426588469893,
  "vz": 93.90959584479398
}