{
  "cheb": [
    0.00783611196991003,
    0.008856780911178638,
    -0.0011800353548091884
  ],
  "fix_c0": true,
  "l": 10.0,
  "logAmp": -1.75,
  "order": 0,
  "sigAmp": 1.0,
  "spectrum_id": 0
}