{
  "cheb": [
    -0.026170955185291882,
    0.014191655796696791,
    -0.013927600649547997
  ],
  "fix_c0": true,
  "l": 10.0,
  "logAmp": -1.75,
  "order": 0,
  "sigAmp": 1.0,
  "spectrum_id": 0
}