{
  "Av": 0.0,
  "grid": [
    4021.4483162768674,
    3.500000000000746,
    -0.001999508398380929
  ],
  "logOmega": -0.18950033183223375,
  "vsini": 29.055325208673125,
  "vz": 16.00268078389142
}