{
  "cheb": [
    0.013617150036289171,
    0.007746243154721824,
    0.01346719523089077
  ],
  "fix_c0": true,
  "l": 20.0,
  "logAmp": -2.0,
  "order": 0,
  "sigAmp": 1.0,
  "spectrum_id": 0
}