{
  "cheb": [
    -0.0478736124933,
    0.0184481982142,
    0.018722819164400002
  ],
  "fix_c0": true,
  "order": 0,
  "spectrum_id": 0,
  "l": 24.8062438965,
  "logAmp": -1.8955888748199998,
  "sigAmp": 0.491820335388
}