{
  "cheb": [
    -0.04635314206282262,
    0.018681697072513763,
    0.02219133357829037
  ],
  "fix_c0": true,
  "l": 20.0,
  "logAmp": -2.0,
  "order": 0,
  "sigAmp": 1.0,
  "spectrum_id": 0
}