{
  "l": 46.2011566162,
  "order": 0,
  "sigAmp": 0.559094130993,
  "fix_c0": true,
  "cheb": [
    -0.035382062196699995,
    0.020537076517900002,
    0.0273664724082
  ],
  "logAmp": -1.5666321516,
  "spectrum_id": 0
}