{
  "Av": 0.0,
  "grid": [
    3500.0000000004384,
    3.7434448274636374,
    -0.2972483664321798
  ],
  "logOmega": -0.21573705387162767,
  "vsini": 33.417736376986525,
  "vz": 97.42482405659295
}