{
  "Av": 0.0,
  "grid": [
    3579.260015992439,
    3.750319084840941,
    0.017179327936008223
  ],
  "logOmega": -0.2159599741830872,
  "vsini": 33.262533167625996,
  "vz": 94.74389093060486
}