{
  "l": 36.847694397,
  "order": 0,
  "sigAmp": 0.350762695074,
  "fix_c0": true,
  "cheb": [
    -0.00682172970846,
    -0.046707998961199995,
    0.0307039767504
  ],
  "logAmp": -1.56204426289,
  "spectrum_id": 0
}