{
  "cheb": [
    -0.014343489517973922,
    0.0236022108762979,
    -0.08019673146083373,
    0.05006263198488564
  ],
  "fix_c0": false,
  "l": 20.0,
  "logAmp": -2.0,
  "order": 0,
  "sigAmp": 1.0,
  "spectrum_id": 0
}