{
  "Av": 0.0,
  "grid": [
    3500.0864288769026,
    3.7341414778433393,
    -0.22479165810210844
  ],
  "logOmega": -0.26540192092766346,
  "vsini": 32.024732330776786,
  "vz": 94.50652506744612
}