{
  "cheb": [
    0.020918581378048716,
    -0.007872288883082727,
    -0.0014894351717513893
  ],
  "fix_c0": true,
  "l": 10.0,
  "logAmp": -1.75,
  "order": 0,
  "sigAmp": 1.0,
  "spectrum_id": 0
}