{
  "logAmp": -1.48671102524,
  "order": 0,
  "fix_c0": true,
  "spectrum_id": 0,
  "sigAmp": 0.6345775127409999,
  "cheb": [
    -0.0145467445254,
    0.0206920113415,
    0.00514127826318
  ],
  "l": 26.5097885132
}