{
  "cheb": [
    -0.006976100510484871,
    0.013834736801108532,
    0.007081856982064351
  ],
  "fix_c0": true,
  "l": 10.0,
  "logAmp": -1.75,
  "order": 0,
  "sigAmp": 1.0,
  "spectrum_id": 0
}