{
  "Av": 0.0,
  "grid": [
    4086.0254014959446,
    3.500000000001214,
    -0.02564011296127107
  ],
  "logOmega": -0.01020373045129904,
  "vsini": 29.00199131320582,
  "vz": 14.840406010472112
}