{
  "cheb": [
    0.016929194994305622,
    -0.026055337121545695,
    0.011874870986300204
  ],
  "fix_c0": true,
  "l": 24.5,
  "logAmp": -1.8,
  "order": 0,
  "sigAmp": 0.3,
  "spectrum_id": 0
}