{
  "cheb": [
    -0.013720618036517362,
    -0.011472819365824158,
    -0.008747073819545825
  ],
  "fix_c0": true,
  "l": 10.0,
  "logAmp": -1.75,
  "order": 0,
  "sigAmp": 1.0,
  "spectrum_id": 0
}