{
  "cheb": [
    0.0298097804189,
    -0.00143368483987,
    0.0019029038958299999
  ],
  "fix_c0": true,
  "order": 0,
  "spectrum_id": 0,
  "l": 14.583361625699995,
  "logAmp": -2.04446792603,
  "sigAmp": 0.3587290942670001
}