{
  "cheb": [
    0.025126986633028432,
    -0.0023247522182854143,
    -0.0006796172426141233
  ],
  "fix_c0": true,
  "l": 20.0,
  "logAmp": -2.0,
  "order": 0,
  "sigAmp": 1.0,
  "spectrum_id": 0
}