{
  "l": 14.6775350571,
  "order": 0,
  "sigAmp": 0.35886409878700004,
  "fix_c0": true,
  "cheb": [
    0.025185003876700002,
    -0.004892329219729999,
    -0.00149554235395
  ],
  "logAmp": -2.03988599777,
  "spectrum_id": 0
}