{
  "Av": 0.0,
  "grid": [
    3500.0000000028062,
    3.77566603785988,
    -0.19301789650815693
  ],
  "logOmega": -0.2628152548590587,
  "vsini": 32.96726613265592,
  "vz": 94.50111264705916
}