{
  "Av": 0.0,
  "grid": [
    3412.733831006624,
    3.768155244060625,
    0.0014760923915230937
  ],
  "logOmega": -0.2629806679369542,
  "vsini": 33.587064118103626,
  "vz": 95.5154729226033
}