{
  "cheb": [
    0.02561175426814491,
    -0.00043225554502889586,
    0.003661670950807044
  ],
  "fix_c0": true,
  "l": 20.0,
  "logAmp": -2.0,
  "order": 0,
  "sigAmp": 1.0,
  "spectrum_id": 0
}