{
  "Av": 0.0,
  "grid": [
    3837.80947323484,
    3.7433508885238105,
    -0.4999999999995203
  ],
  "logOmega": -0.417662965788633,
  "vsini": 30.23995993973082,
  "vz": 91.8818099711859
}