{
  "cheb": [
    0.02118321209851083,
    -0.005471361126208676,
    -0.0037935806251225513
  ],
  "fix_c0": true,
  "l": 20.0,
  "logAmp": -2.0,
  "order": 0,
  "sigAmp": 1.0,
  "spectrum_id": 0
}