{
  "cheb": [
    0.021947283297799998,
    -0.00195183954202,
    -0.00105767813511
  ],
  "fix_c0": true,
  "order": 0,
  "spectrum_id": 0,
  "l": 8.4824256897,
  "logAmp": -2.02944898605,
  "sigAmp": 0.46745929122
}