{
  "cheb": [
    0.015996087397747,
    -0.005869876007656683,
    -0.0033424336125881526
  ],
  "fix_c0": true,
  "l": 25.0,
  "logAmp": -1.9,
  "order": 0,
  "sigAmp": 0.4,
  "spectrum_id": 0
}