{
  "l": 10.2444877625,
  "order": 0,
  "sigAmp": 0.487495452166,
  "fix_c0": true,
  "cheb": [
    0.022571118548499997,
    -0.0065041813068100005,
    -0.00318056764081
  ],
  "logAmp": -1.9764956235900002,
  "spectrum_id": 0
}