{
  "Av": 0.0,
  "grid": [
    3067.6417310416628,
    3.500000000000174,
    0.002342306440786895
  ],
  "logOmega": -0.20799682101777917,
  "vsini": 30.046762887483133,
  "vz": 95.52754523638922
}