{
  "Av": 0.0,
  "grid": [
    3500.000000001526,
    3.5000052344509447,
    -0.22983742947411978
  ],
  "logOmega": -0.20731842879466417,
  "vsini": 45.59053547050924,
  "vz": 94.07951397349547
}