{
  "l": 25.8018054962,
  "order": 0,
  "sigAmp": 0.384439438581,
  "fix_c0": true,
  "cheb": [
    -0.0244970042259,
    0.0368689075112,
    -0.00713541032746
  ],
  "logAmp": -1.88747370243,
  "spectrum_id": 0
}