{
  "cheb": [
    0.029397463861687782,
    0.0038219748903521073,
    0.0008018260817123755
  ],
  "fix_c0": true,
  "l": 20.0,
  "logAmp": -2.0,
  "order": 0,
  "sigAmp": 1.0,
  "spectrum_id": 0
}