{
  "l": 30.5186538696,
  "order": 0,
  "sigAmp": 0.38368082046499996,
  "fix_c0": true,
  "cheb": [
    -0.0497918762267,
    0.0330244265497,
    -0.0170179996639
  ],
  "logAmp": -1.7929297685599999,
  "spectrum_id": 0
}