{
  "Av": 0.0,
  "grid": [
    3500.0000000005093,
    3.749792317500246,
    -0.2697535790693498
  ],
  "logOmega": -0.2784966446739674,
  "vsini": 32.69947886962419,
  "vz": 91.48911770367158
}