{
  "cheb": [
    0.01918312145233462,
    -0.0008548945128908831,
    -0.0026366235823323796
  ],
  "fix_c0": true,
  "l": 20.0,
  "logAmp": -2.0,
  "order": 0,
  "sigAmp": 1.0,
  "spectrum_id": 0
}