{
  "cheb": [
    0.12617003729655563,
    0.030468475502415035,
    0.00037686429003361445
  ],
  "fix_c0": true,
  "l": 20.0,
  "logAmp": -2.0,
  "order": 0,
  "sigAmp": 1.0,
  "spectrum_id": 0
}