{
  "l": 34.893192291300004,
  "order": 0,
  "sigAmp": 0.37680551409699997,
  "fix_c0": true,
  "cheb": [
    0.11530228704199999,
    0.0331479497254,
    -0.00509996293113
  ],
  "logAmp": -1.6414854526499998,
  "spectrum_id": 0
}