{
  "Av": 0.0,
  "grid": [
    3500.0000000035343,
    3.999999999982564,
    -0.2574709064561447
  ],
  "logOmega": -0.26514571803393117,
  "vsini": 37.09729830513369,
  "vz": 94.59423874255562
}