{
  "cheb": [
    0.02941561518872122,
    -0.0018253584588155038,
    0.0012838719244153063
  ],
  "fix_c0": true,
  "l": 25.0,
  "logAmp": -2.7,
  "order": 0,
  "sigAmp": 0.3,
  "spectrum_id": 0
}