{
  "Av": 0.0,
  "grid": [
    3764.7966862097874,
    3.7526344459568177,
    0.1635140869189291
  ],
  "logOmega": -0.3468764985932553,
  "vsini": 31.96170222634165,
  "vz": 93.59238702772004
}