{
  "cheb": [
    0.0132975894958,
    0.00565338553861,
    0.00341386254877
  ],
  "fix_c0": true,
  "order": 0,
  "spectrum_id": 0,
  "l": 9.62320709229,
  "logAmp": -1.7802662849400002,
  "sigAmp": 0.433306634426
}