{
  "l": 9.682762146,
  "order": 0,
  "sigAmp": 0.434820532799,
  "fix_c0": true,
  "cheb": [
    0.00571149447933,
    0.00314055895433,
    -0.0046424572356000005
  ],
  "logAmp": -1.77699422836,
  "spectrum_id": 0
}