{
  "cheb": [
    0.017668280844169805,
    0.005549943408204541,
    -0.00041609007036244193
  ],
  "fix_c0": true,
  "l": 25.0,
  "logAmp": -1.9,
  "order": 0,
  "sigAmp": 0.4,
  "spectrum_id": 0
}