{
  "Av": 0.0,
  "grid": [
    3500.0000000148784,
    3.999999990102785,
    -0.18284165480003572
  ],
  "logOmega": -0.3006312207043878,
  "vsini": 37.47144369679806,
  "vz": 97.84935283285064
}