{
  "Av": 0.0,
  "grid": [
    3446.380610449893,
    3.977640392426338,
    -0.11241446526214516
  ],
  "logOmega": -0.30177191078291776,
  "vsini": 30.249217788446206,
  "vz": 96.9867483573149
}