{
  "l": 9.6883430481,
  "order": 0,
  "sigAmp": 0.44711130857500003,
  "fix_c0": true,
  "cheb": [
    0.020023068413099997,
    0.0073159025050700014,
    -0.00207444163971
  ],
  "logAmp": -1.9600325822799998,
  "spectrum_id": 0
}