{
  "cheb": [
    0.01719323026097371,
    0.004034127282824793,
    -0.0018605012271574405
  ],
  "fix_c0": true,
  "l": 20.0,
  "logAmp": -2.0,
  "order": 0,
  "sigAmp": 1.0,
  "spectrum_id": 0
}