{
  "cheb": [
    0.018935509026099997,
    0.00506208417937,
    -0.00191738561261
  ],
  "fix_c0": true,
  "order": 0,
  "spectrum_id": 0,
  "l": 9.57765579224,
  "logAmp": -1.96883511543,
  "sigAmp": 0.449341088533
}