{
  "Av": 0.0,
  "grid": [
    3521.8128363101414,
    3.9998531491056815,
    0.0026475645258345277
  ],
  "logOmega": -0.28383757742883753,
  "vsini": 25.330572064178995,
  "vz": 97.41699047494137
}