{
  "Av": 0.0,
  "grid": [
    3500.0000012085866,
    3.9999999798639223,
    -0.21686567915915822
  ],
  "logOmega": -0.2829706007554854,
  "vsini": 34.76849723530461,
  "vz": 98.95774071816392
}