{
  "cheb": [
    -0.013919896407606085,
    0.006701145347877923,
    -0.007914106325439155
  ],
  "fix_c0": true,
  "l": 10.0,
  "logAmp": -1.75,
  "order": 0,
  "sigAmp": 1.0,
  "spectrum_id": 0
}