{
  "l": 25.388158798200003,
  "order": 0,
  "logAmp": -1.58613848686,
  "sigAmp": 1.59018754959,
  "spectrum_id": 0,
  "fix_c0": true,
  "cheb": [
    0.0082505857572,
    0.0148824825883,
    -0.005321273580189999
  ]
}