{
  "Av": 0.0,
  "grid": [
    4002.8122785523874,
    3.7949587403736107,
    -0.09273607407567272
  ],
  "logOmega": -0.0540931943201363,
  "vsini": 28.531326343296175,
  "vz": 14.805659749590534
}