{
  "cheb": [
    0.020298611228620696,
    -0.002557216566434357,
    -0.004507092879818809
  ],
  "fix_c0": true,
  "l": 20.0,
  "logAmp": -2.0,
  "order": 0,
  "sigAmp": 1.0,
  "spectrum_id": 0
}