{
  "cheb": [
    0.008790568333449886,
    -0.048874690914057016,
    0.04529896576027443
  ],
  "fix_c0": true,
  "l": 20.0,
  "logAmp": -2.0,
  "order": 0,
  "sigAmp": 1.0,
  "spectrum_id": 0
}