{
  "Av": 0.0,
  "grid": [
    3888.053220638218,
    3.9999999999999165,
    0.16023111606328538
  ],
  "logOmega": -0.08550658632823788,
  "vsini": 27.99283439410935,
  "vz": 14.553245408071868
}