{
  "cheb": [
    0.02503790727172083,
    -0.0014476183704306305,
    -0.0009535882459347888
  ],
  "fix_c0": true,
  "l": 20.0,
  "logAmp": -2.0,
  "order": 0,
  "sigAmp": 1.0,
  "spectrum_id": 0
}