{
  "cheb": [
    0.020601382653390468,
    -0.003688996624939072,
    -0.0019984053168285703
  ],
  "fix_c0": true,
  "l": 25.0,
  "logAmp": -2.7,
  "order": 0,
  "sigAmp": 0.3,
  "spectrum_id": 0
}