{
  "Av": 0.0,
  "grid": [
    3819.613851490359,
    3.779184097444037,
    -0.08060869797153355
  ],
  "logOmega": -0.2930211709227013,
  "vsini": 29.197746325798565,
  "vz": 95.40362825052682
}