{
  "Av": 0.0,
  "grid": [
    3778.3683691092792,
    3.5000000000040403,
    0.17583691527865952
  ],
  "logOmega": -0.037424108059423825,
  "vsini": 27.830748482617523,
  "vz": 16.276205665795285
}