{
  "cheb": [
    0.026126666652248488,
    -0.0333696840733263,
    0.043038326262460916
  ],
  "fix_c0": true,
  "l": 20.0,
  "logAmp": -2.0,
  "order": 0,
  "sigAmp": 1.0,
  "spectrum_id": 0
}