{
  "cheb": [
    0.012107461474161144,
    -0.0336266600642096,
    0.009561255961025507
  ],
  "fix_c0": true,
  "l": 20.0,
  "logAmp": -2.0,
  "order": 0,
  "sigAmp": 1.0,
  "spectrum_id": 0
}