{
  "Av": 0.0,
  "grid": [
    3500.000000003533,
    3.703224060035656,
    -0.20937379535521344
  ],
  "logOmega": -0.35343781551882847,
  "vsini": 31.38086127572396,
  "vz": 92.29003096983851
}