{
  "cheb": [
    0.03694112025293529,
    -0.007143265142946852,
    0.009099598486723866
  ],
  "fix_c0": true,
  "l": 25.0,
  "logAmp": -2.7,
  "order": 0,
  "sigAmp": 0.3,
  "spectrum_id": 0
}