{
  "Av": 0.0,
  "grid": [
    4236.200261918811,
    3.732248245228063,
    -0.08099763723030215
  ],
  "logOmega": -0.31699181480490407,
  "vsini": 29.562300014193198,
  "vz": 94.76222811129027
}