{
  "cheb": [
    0.021614564790843505,
    0.0048769022137260636,
    0.0019629575112290213
  ],
  "fix_c0": true,
  "l": 25.0,
  "logAmp": -2.7,
  "order": 0,
  "sigAmp": 0.3,
  "spectrum_id": 0
}