{
  "Av": 0.0,
  "grid": [
    3683.117803518773,
    3.99999762517377,
    -0.4999999999999686
  ],
  "logOmega": -0.32956170489732284,
  "vsini": 31.047485057428993,
  "vz": 92.97295105377938
}