{
  "cheb": [
    -0.000331808073970318,
    0.0027405836927621137,
    -0.0013277980375602226
  ],
  "fix_c0": true,
  "l": 20.0,
  "logAmp": -2.0,
  "order": 0,
  "sigAmp": 1.0,
  "spectrum_id": 0
}