{
  "Av": 0.0,
  "grid": [
    4299.999999989509,
    3.838683676376794,
    -0.1483006638944871
  ],
  "logOmega": -0.4754387831772408,
  "vsini": 39.90411475640849,
  "vz": 92.29118867708765
}