{
  "cheb": [
    0.019644942049327537,
    0.0006207647467671446,
    -0.0029377330075270706
  ],
  "fix_c0": true,
  "l": 25.0,
  "logAmp": -2.7,
  "order": 0,
  "sigAmp": 0.3,
  "spectrum_id": 0
}