{
  "Av": 0.0,
  "grid": [
    3858.4759683465845,
    3.8367607411898215,
    0.16283201796738034
  ],
  "logOmega": -0.37816148511885883,
  "vsini": 30.335177614876773,
  "vz": 96.15079698422358
}