{
  "cheb": [
    0.06993392236411536,
    -0.01056051418950563,
    -0.006166686011855367
  ],
  "fix_c0": true,
  "l": 10.0,
  "logAmp": -1.75,
  "order": 0,
  "sigAmp": 1.0,
  "spectrum_id": 0
}