{
  "Av": 0.0,
  "grid": [
    4299.999999999159,
    3.76279514826387,
    -0.028576790780587013
  ],
  "logOmega": -0.048704092195637316,
  "vsini": 27.656011002835285,
  "vz": 16.633979229011814
}