{
  "l": 9.494318962100001,
  "order": 0,
  "sigAmp": 0.402273207903,
  "fix_c0": true,
  "cheb": [
    0.014030891470600002,
    -0.0026483170222500003,
    0.0015361051773699998
  ],
  "logAmp": -1.8439943790400002,
  "spectrum_id": 0
}