{
  "cheb": [
    0.0145915178582,
    -0.006071176845579999,
    0.006910372991109999
  ],
  "fix_c0": true,
  "order": 0,
  "spectrum_id": 0,
  "l": 9.169617652889999,
  "logAmp": -1.8587014675099998,
  "sigAmp": 0.400417327881
}