{
  "cheb": [
    0.013895339360778844,
    -0.003248002612258099,
    -0.0055779179369735655
  ],
  "fix_c0": true,
  "l": 20.0,
  "logAmp": -2.0,
  "order": 0,
  "sigAmp": 1.0,
  "spectrum_id": 0
}