{
  "Av": 0.0,
  "grid": [
    4299.99935706906,
    3.739216476659368,
    0.00011058197551911502
  ],
  "logOmega": -0.2863427167785261,
  "vsini": 28.27758455417306,
  "vz": 98.66928244564099
}