{
  "Av": 0.0,
  "grid": [
    3502.9526515552907,
    3.99999999985375,
    -0.22630194337475673
  ],
  "logOmega": -0.2889136942746391,
  "vsini": 26.588394602477567,
  "vz": 98.77624056057283
}