{
  "cheb": [
    0.025199750223075048,
    -0.0037804449106082338,
    0.0001516745085774818
  ],
  "fix_c0": true,
  "l": 20.0,
  "logAmp": -2.0,
  "order": 0,
  "sigAmp": 1.0,
  "spectrum_id": 0
}