{
  "Av": 0.0,
  "grid": [
    3500.000818186664,
    3.716808518610884,
    -0.1798978299226876
  ],
  "logOmega": -0.43791093707658074,
  "vsini": 29.959208095090936,
  "vz": 91.24817951422449
}