{
  "cheb": [
    -0.03713572657885618,
    0.010313696855678608,
    -0.011823793496212157
  ],
  "fix_c0": true,
  "l": 20.0,
  "logAmp": -2.0,
  "order": 0,
  "sigAmp": 1.0,
  "spectrum_id": 0
}