{
  "cheb": [
    -0.0490305174613588,
    0.018582172458192228,
    0.019509145729798862
  ],
  "fix_c0": true,
  "l": 20.0,
  "logAmp": -2.0,
  "order": 0,
  "sigAmp": 1.0,
  "spectrum_id": 0
}