{
  "cheb": [
    0.0012579769990827294,
    -0.004515574885171042,
    0.009759476357891969
  ],
  "fix_c0": true,
  "l": 10.0,
  "logAmp": -1.75,
  "order": 0,
  "sigAmp": 1.0,
  "spectrum_id": 0
}