{
  "l": 32.529239654499996,
  "order": 0,
  "logAmp": -1.5159032344799999,
  "sigAmp": 0.9875966310500001,
  "spectrum_id": 0,
  "fix_c0": true,
  "cheb": [
    0.000642278348096,
    -0.00712583772838,
    0.0069954553619
  ]
}