{
  "Av": 0.0,
  "grid": [
    3956.6271097622384,
    3.7176516171603864,
    -0.1081767231769594
  ],
  "logOmega": -0.03425207724418937,
  "vsini": 31.747800212783794,
  "vz": 14.073372337735844
}