{
  "cheb": [
    0.013998665370098817,
    -0.0019806820974228832,
    0.00014137329665066397
  ],
  "fix_c0": true,
  "l": 20.0,
  "logAmp": -2.0,
  "order": 0,
  "sigAmp": 1.0,
  "spectrum_id": 0
}