{
  "l": 11.397231102000001,
  "order": 0,
  "sigAmp": 0.4331800937650001,
  "fix_c0": true,
  "cheb": [
    0.00958656240255,
    -0.0027992478571799997,
    -0.00138075719588
  ],
  "logAmp": -1.8960157632799999,
  "spectrum_id": 0
}