{
  "cheb": [
    0.0181536711752,
    0.0014794972958,
    0.0024684837553699997
  ],
  "fix_c0": true,
  "order": 0,
  "spectrum_id": 0,
  "l": 9.90346431732,
  "logAmp": -1.9392131567,
  "sigAmp": 0.41928482055699995
}