{
  "Av": 0.0,
  "grid": [
    3500.0000000087484,
    3.500566962817156,
    -0.2204478604763022
  ],
  "logOmega": -0.22181007641358524,
  "vsini": 28.031521850410737,
  "vz": 90.2306125878942
}