{
  "Av": 0.0,
  "grid": [
    3249.95113884863,
    3.737592011662648,
    0.12839396953430554
  ],
  "logOmega": -0.22269880289050537,
  "vsini": 28.638436787944578,
  "vz": 91.18735282997322
}