{
  "logAmp": -1.60919952393,
  "order": 0,
  "fix_c0": true,
  "spectrum_id": 0,
  "sigAmp": 0.158667013049,
  "cheb": [
    0.0199293177575,
    -0.0158179998398,
    0.0016941181384000001
  ],
  "l": 9.87879085541
}