{
  "Av": 0.0,
  "grid": [
    3905.697601185828,
    3.7440924278452923,
    -0.09632460040956115
  ],
  "logOmega": -0.024374071277909852,
  "vsini": 28.3389089503656,
  "vz": 15.248692688362322
}