{
  "cheb": [
    0.00803238506217287,
    0.010328485354729789,
    -0.03627939522131046
  ],
  "fix_c0": true,
  "l": 10.0,
  "logAmp": -1.75,
  "order": 0,
  "sigAmp": 1.0,
  "spectrum_id": 0
}