{
  "Av": 0.0,
  "grid": [
    4102.993187156936,
    3.500000000000522,
    -0.0031189005791312173
  ],
  "logOmega": -0.17739995000976938,
  "vsini": 28.978042184861188,
  "vz": 15.501270950999874
}