{
  "cheb": [
    0.014841598286883929,
    0.004840538258688817,
    0.0019169735912641273
  ],
  "fix_c0": true,
  "l": 20.0,
  "logAmp": -2.0,
  "order": 0,
  "sigAmp": 1.0,
  "spectrum_id": 0
}