{
  "cheb": [
    0.016799669042727138,
    0.004534945297611917,
    -0.0007840678804261703
  ],
  "fix_c0": true,
  "l": 20.0,
  "logAmp": -2.0,
  "order": 0,
  "sigAmp": 1.0,
  "spectrum_id": 0
}