{
  "Av": 0.0,
  "grid": [
    3500.0000000050086,
    3.999999999967645,
    -0.2138635600981706
  ],
  "logOmega": -0.4603351810240135,
  "vsini": 27.793882807572743,
  "vz": 87.86571253028998
}