{
  "cheb": [
    0.03673160480908853,
    0.004295240195398835,
    0.016068999933865555
  ],
  "fix_c0": true,
  "l": 20.0,
  "logAmp": -2.0,
  "order": 0,
  "sigAmp": 1.0,
  "spectrum_id": 0
}