{
  "cheb": [
    -0.03837888457672103,
    -0.016048616197364012,
    0.014851506766734747
  ],
  "fix_c0": true,
  "l": 10.0,
  "logAmp": -1.75,
  "order": 0,
  "sigAmp": 1.0,
  "spectrum_id": 0
}