{
  "cheb": [
    0.010789220906842057,
    -0.00037073593031321976,
    0.01756581439698862
  ],
  "fix_c0": true,
  "l": 20.0,
  "logAmp": -2.0,
  "order": 0,
  "sigAmp": 1.0,
  "spectrum_id": 0
}