{
  "Av": 0.0,
  "grid": [
    3500.000000003659,
    3.999283882911903,
    -0.10472933546944042
  ],
  "logOmega": -0.47796528903569535,
  "vsini": 36.8883418659087,
  "vz": 93.93564768133662
}