{
  "cheb": [
    0.015518819929455935,
    -0.0001530745416663535,
    0.0021096044503243513
  ],
  "fix_c0": true,
  "l": 25.0,
  "logAmp": -2.7,
  "order": 0,
  "sigAmp": 0.3,
  "spectrum_id": 0
}