{
  "Av": 0.0,
  "grid": [
    3810.9360809487957,
    3.5000000000035807,
    -0.2573452092493821
  ],
  "logOmega": -0.3064463628028363,
  "vsini": 29.562454046129037,
  "vz": 94.98252620564345
}