{
  "cheb": [
    -0.014974940065963508,
    -0.011331810727907581,
    -0.008714581086446288
  ],
  "fix_c0": true,
  "l": 10.0,
  "logAmp": -1.75,
  "order": 0,
  "sigAmp": 1.0,
  "spectrum_id": 0
}