{
  "cheb": [
    -0.045795961938815036,
    0.011930387726289543,
    0.018599493132705043
  ],
  "fix_c0": true,
  "l": 25.0,
  "logAmp": -2.7,
  "order": 0,
  "sigAmp": 0.3,
  "spectrum_id": 0
}