{
  "Av": 0.0,
  "grid": [
    3725.2426059193895,
    3.761252017225866,
    0.4999999999996575
  ],
  "logOmega": -0.3029011444225378,
  "vsini": 36.12269412925774,
  "vz": 92.84403000038421
}