{
  "l": 13.9440307617,
  "order": 0,
  "logAmp": -1.50096297264,
  "sigAmp": 2.32944846153,
  "spectrum_id": 0,
  "fix_c0": true,
  "cheb": [
    -0.00286333844997,
    -0.028500357642799998,
    -0.00341376266442
  ]
}