{
  "Av": 0.0,
  "grid": [
    4091.5221049587753,
    3.5000000000013842,
    -0.4978347081963973
  ],
  "logOmega": -0.08444512037107157,
  "vsini": 28.12958803188443,
  "vz": 14.888782355593804
}