{
  "l": 36.2643280029,
  "order": 0,
  "sigAmp": 0.40286770463,
  "fix_c0": true,
  "cheb": [
    0.0024375547654899997,
    0.0669118985534,
    -0.025872770696900003
  ],
  "logAmp": -1.72915267944,
  "spectrum_id": 0
}