{
  "l": 6.25643205643,
  "order": 0,
  "logAmp": -1.4,
  "sigAmp": 0.945033550262,
  "spectrum_id": 0,
  "fix_c0": true,
  "cheb": [
    0.0354404635727,
    0.0110454726964,
    -0.0034432429820300003
  ]
}