{
  "logAmp": -1.2986565828299999,
  "order": 0,
  "fix_c0": true,
  "spectrum_id": 0,
  "sigAmp": 0.945033550262,
  "cheb": [
    0.0354404635727,
    0.0110454726964,
    -0.0034432429820300003
  ],
  "l": 6.25643205643
}