{
  "cheb": [
    0.031414095478446126,
    0.014209940977143117,
    0.005978672079276751
  ],
  "fix_c0": true,
  "l": 10.0,
  "logAmp": -1.75,
  "order": 0,
  "sigAmp": 1.0,
  "spectrum_id": 0
}