{
  "Av": 0.0,
  "grid": [
    3950.2246889919807,
    3.500001245516488,
    -0.024207283903118947
  ],
  "logOmega": -0.10069442701085078,
  "vsini": 28.42787850665642,
  "vz": 14.321487973000448
}