{
  "Av": 0.0,
  "grid": [
    3708.088688264022,
    3.8105816694799173,
    0.30235177319451384
  ],
  "logOmega": -0.013603047544107008,
  "vsini": 26.312879690271256,
  "vz": 15.55755451875497
}