{
  "cheb": [
    -0.010851042269567124,
    -0.021430362314923696,
    -0.002254552148248483
  ],
  "fix_c0": true,
  "l": 10.0,
  "logAmp": -1.75,
  "order": 0,
  "sigAmp": 1.0,
  "spectrum_id": 0
}