{
  "logAmp": -1.61642110348,
  "order": 0,
  "fix_c0": true,
  "spectrum_id": 0,
  "sigAmp": 2.340239048,
  "cheb": [
    -0.0198921374977,
    -0.00960807967931,
    -0.00585004407912
  ],
  "l": 33.479682922399995
}