{
  "Av": 0.0,
  "grid": [
    4004.042763400915,
    3.500000000003501,
    -0.023777379930503544
  ],
  "logOmega": -0.09921182309932192,
  "vsini": 29.186131915162676,
  "vz": 16.09073358743578
}