{
  "Av": 0.0,
  "grid": [
    4299.999999999765,
    3.9999999561119335,
    -0.4991438368046127
  ],
  "logOmega": -0.09322154063149277,
  "vsini": 14.619290754290265,
  "vz": 45.16913340143009
}