{
  "cheb": [
    0.014502119191651907,
    -0.002115769731120363,
    -0.0006486104861509606
  ],
  "fix_c0": true,
  "l": 25.0,
  "logAmp": -1.9,
  "order": 0,
  "sigAmp": 0.4,
  "spectrum_id": 0
}