{
  "cheb": [
    -0.06391122298191794,
    0.008759977014061459,
    -0.02266307311611896
  ],
  "fix_c0": true,
  "l": 10.0,
  "logAmp": -1.75,
  "order": 0,
  "sigAmp": 1.0,
  "spectrum_id": 0
}