{
  "Av": 0.0,
  "grid": [
    3000.0000000012906,
    3.998727088520944,
    0.005475316806021001
  ],
  "logOmega": -0.2940568656348739,
  "vsini": 26.708552307252667,
  "vz": 10.968982665463844
}