{
  "l": 24.0896339417,
  "order": 0,
  "sigAmp": 0.483150810003,
  "fix_c0": true,
  "cheb": [
    0.0362392663956,
    -0.020375616848500002,
    0.00120552058797
  ],
  "logAmp": -1.8657338619200001,
  "spectrum_id": 0
}