{
  "cheb": [
    0.02363202723229692,
    -0.005922193817141088,
    -0.0032474277093225675
  ],
  "fix_c0": true,
  "l": 20.0,
  "logAmp": -2.0,
  "order": 0,
  "sigAmp": 1.0,
  "spectrum_id": 0
}