{
  "Av": 0.0,
  "grid": [
    3500.0000000014943,
    3.9999744282011007,
    -0.49999999995929345
  ],
  "logOmega": -0.29821988772118446,
  "vsini": 36.96604890876926,
  "vz": 91.83465253241658
}