{
  "cheb": [
    0.015450667678685658,
    -0.004418606327574863,
    -0.0006785664121424322
  ],
  "fix_c0": true,
  "l": 20.0,
  "logAmp": -2.0,
  "order": 0,
  "sigAmp": 1.0,
  "spectrum_id": 0
}