{
  "cheb": [
    -0.009323633379995453,
    -0.0005260720863588956,
    -0.025056943764964396
  ],
  "fix_c0": true,
  "l": 25.0,
  "logAmp": -2.7,
  "order": 0,
  "sigAmp": 0.3,
  "spectrum_id": 0
}