{
  "Av": 0.0,
  "grid": [
    3941.050886910236,
    3.643783838611898,
    -0.3309907196897268
  ],
  "logOmega": -0.4127325795541041,
  "vsini": 30.07796440878711,
  "vz": 95.19411386981989
}