{
  "cheb": [
    0.0022295882527505854,
    0.005174512697619401,
    -0.008886235545206598
  ],
  "fix_c0": true,
  "l": 20.0,
  "logAmp": -2.0,
  "order": 0,
  "sigAmp": 1.0,
  "spectrum_id": 0
}