{
  "cheb": [
    -0.00455902609974,
    -0.00247550429776,
    -0.0199615675956
  ],
  "fix_c0": true,
  "order": 0,
  "spectrum_id": 0,
  "l": 20.0332221985,
  "logAmp": -1.80182635784,
  "sigAmp": 0.47680416703199996
}