{
  "l": 18.6524944305,
  "order": 0,
  "sigAmp": 0.470428675413,
  "fix_c0": true,
  "cheb": [
    0.00987312756479,
    0.0009987390367310002,
    -0.00920980982482
  ],
  "logAmp": -1.8243699073800002,
  "spectrum_id": 0
}