{
  "cheb": [
    0.0005580518187946243,
    0.0002566612366072608,
    -0.009007856082111536
  ],
  "fix_c0": true,
  "l": 20.0,
  "logAmp": -2.0,
  "order": 0,
  "sigAmp": 1.0,
  "spectrum_id": 0
}