{
  "Av": 0.0,
  "grid": [
    3500.0000000913815,
    3.945364908440065,
    0.4999999987943814
  ],
  "logOmega": -0.3288186264818658,
  "vsini": 29.671966594291455,
  "vz": 91.15541667783503
}