{
  "Av": 0.0,
  "grid": [
    3590.4846673420016,
    3.9999981406167695,
    0.0017412002978593622
  ],
  "logOmega": -0.3279065871912567,
  "vsini": 26.447939463480054,
  "vz": 90.74164315597817
}