{
  "l": 26.8127098083,
  "order": 0,
  "logAmp": -1.44220638275,
  "sigAmp": 1.17172718048,
  "spectrum_id": 0,
  "fix_c0": true,
  "cheb": [
    -0.021536294370900003,
    -0.004311716184020001,
    -0.005396666005250001
  ]
}