{
  "Av": 0.0,
  "grid": [
    3938.969182110514,
    3.7123972346071046,
    -0.03918651063880293
  ],
  "logOmega": -0.07550031668019341,
  "vsini": 28.614069963020505,
  "vz": 14.5536183272734
}