{
  "cheb": [
    -0.0010150475759404635,
    0.0016198487546877098,
    -0.007414982996368568
  ],
  "fix_c0": true,
  "l": 20.0,
  "logAmp": -2.0,
  "order": 0,
  "sigAmp": 1.0,
  "spectrum_id": 0
}