{
  "Av": 0.0,
  "grid": [
    3717.314447107079,
    3.719041057683344,
    -0.04325731809387167
  ],
  "logOmega": -0.03439049282029049,
  "vsini": 26.635023043378986,
  "vz": 14.835070621655259
}