{
  "cheb": [
    0.04014112464376226,
    0.021330991757349142,
    0.04715711975445082
  ],
  "fix_c0": true,
  "l": 10.0,
  "logAmp": -1.75,
  "order": 0,
  "sigAmp": 1.0,
  "spectrum_id": 0
}