{
  "Av": 0.0,
  "grid": [
    4087.2616074480643,
    3.7808510631722525,
    0.2579388843302333
  ],
  "logOmega": -0.395089426556722,
  "vsini": 27.936469025454052,
  "vz": 15.877511290658095
}