{
  "l": 48.7238731384,
  "order": 0,
  "logAmp": -1.4,
  "sigAmp": 2.26099419594,
  "spectrum_id": 0,
  "fix_c0": true,
  "cheb": [
    -0.025719175115200003,
    -0.0277236457914,
    -0.000678332638927
  ]
}