{
  "Av": 0.0,
  "grid": [
    4240.341156056406,
    3.747123401190131,
    -0.15531765346071313
  ],
  "logOmega": -0.08233216649433334,
  "vsini": 26.184823486961193,
  "vz": 14.326106800045459
}