{
  "logAmp": -0.666341245174,
  "order": 0,
  "fix_c0": true,
  "spectrum_id": 0,
  "sigAmp": 0.567513525486,
  "cheb": [
    -0.101805262268,
    0.011728621088000001,
    0.007062222342939998
  ],
  "l": 102.99508667
}