{
  "l": 102.99508667,
  "order": 0,
  "logAmp": -1.4,
  "sigAmp": 0.567513525486,
  "spectrum_id": 0,
  "fix_c0": true,
  "cheb": [
    -0.101805262268,
    0.011728621088000001,
    0.007062222342939998
  ]
}