{
  "Av": 0.0,
  "grid": [
    4242.633647813371,
    3.999999999999953,
    -0.017335576179941387
  ],
  "logOmega": -0.019343138414887613,
  "vsini": 38.64759939591741,
  "vz": 16.34810899020864
}