{
  "Av": 0.0,
  "grid": [
    3500.00000024626,
    3.5000000024906672,
    -0.24772501140207812
  ],
  "logOmega": -0.24111296827961265,
  "vsini": 28.862599226321855,
  "vz": 89.3526562010525
}