{
  "cheb": [
    7.219369340005553e-05,
    0.02252002746572283,
    0.004136533595083882,
    -0.005612965592140883
  ],
  "fix_c0": false,
  "l": 20.0,
  "logAmp": -2.0,
  "order": 0,
  "sigAmp": 1.0,
  "spectrum_id": 0
}