{
  "l": 22.500829696700002,
  "order": 0,
  "sigAmp": 0.41270434856399996,
  "fix_c0": true,
  "cheb": [
    0.0204156916589,
    0.014565745368600001,
    -0.00910876691341
  ],
  "logAmp": -1.83754181862,
  "spectrum_id": 0
}