{
  "Av": 0.0,
  "grid": [
    3500.0000000002165,
    3.824560843756551,
    -0.21504169456968475
  ],
  "logOmega": -0.29534276917090146,
  "vsini": 36.02120889212371,
  "vz": 96.50774267434335
}