{
  "cheb": [
    0.019710826099776292,
    0.003969349613173942,
    -0.003391612272524753
  ],
  "fix_c0": true,
  "l": 25.0,
  "logAmp": -2.7,
  "order": 0,
  "sigAmp": 0.3,
  "spectrum_id": 0
}