{
  "Av": 0.0,
  "grid": [
    3868.576286979435,
    3.705063658376086,
    0.07258941470906266
  ],
  "logOmega": -0.3670764792174581,
  "vsini": 28.06050023569191,
  "vz": 93.96543596391291
}