{
  "cheb": [
    0.0016923574362425376,
    -0.003082864713977759,
    0.006454394177436644
  ],
  "fix_c0": true,
  "l": 10.0,
  "logAmp": -1.75,
  "order": 0,
  "sigAmp": 1.0,
  "spectrum_id": 0
}