{
  "Av": 0.0,
  "grid": [
    4000.0065346687784,
    3.5000000000000915,
    -0.001964316498279272
  ],
  "logOmega": -0.14033710771194313,
  "vsini": 28.359427167579724,
  "vz": 15.498997121267472
}