{
  "cheb": [
    0.012711704412018725,
    0.0017525622107789382,
    -0.0023606875944349867
  ],
  "fix_c0": true,
  "l": 20.0,
  "logAmp": -2.0,
  "order": 0,
  "sigAmp": 1.0,
  "spectrum_id": 0
}