{
  "l": 19.7841415405,
  "order": 0,
  "sigAmp": 0.337567269802,
  "fix_c0": true,
  "cheb": [
    0.0073726121336199985,
    0.00164102017879,
    -0.00857183244079
  ],
  "logAmp": -1.87342953682,
  "spectrum_id": 0
}