{
  "Av": 0.0,
  "grid": [
    3500.0012100148697,
    3.500000000025297,
    -0.20981168376037018
  ],
  "logOmega": -0.2915403310636996,
  "vsini": 37.21154209248486,
  "vz": 93.23571619059538
}