{
  "cheb": [
    0.01685747349198957,
    0.004083829815659475,
    -0.00221017597064608
  ],
  "fix_c0": true,
  "l": 25.0,
  "logAmp": -1.9,
  "order": 0,
  "sigAmp": 0.4,
  "spectrum_id": 0
}