{
  "logAmp": -1.53857016563,
  "order": 0,
  "fix_c0": true,
  "spectrum_id": 0,
  "sigAmp": 0.892388105392,
  "cheb": [
    0.00711636990309,
    0.000232417049119,
    0.000274919118965
  ],
  "l": 29.6926498413
}