{
  "cheb": [
    0.023201701385090423,
    0.0052962487667414845,
    0.00835483312806313
  ],
  "fix_c0": true,
  "l": 10.0,
  "logAmp": -1.75,
  "order": 0,
  "sigAmp": 1.0,
  "spectrum_id": 0
}