{
  "Av": 0.0,
  "grid": [
    4086.7144638799846,
    3.816981393990273,
    0.03179686486760586
  ],
  "logOmega": -0.02245446972623639,
  "vsini": 29.70890135222545,
  "vz": 13.945874710917469
}