{
  "cheb": [
    -0.008917758904441526,
    -0.0024038479602948052,
    0.018289649401207912
  ],
  "fix_c0": true,
  "l": 20.0,
  "logAmp": -2.0,
  "order": 0,
  "sigAmp": 1.0,
  "spectrum_id": 0
}