{
  "Av": 0.0,
  "grid": [
    3814.992120909586,
    3.7911550691553573,
    -0.03538256647589645
  ],
  "logOmega": -0.37567529945009687,
  "vsini": 35.670169201844566,
  "vz": 88.4778954387579
}