{
  "cheb": [
    0.013418957117413241,
    0.005821840489311763,
    -0.0041053228692795336
  ],
  "fix_c0": true,
  "l": 25.0,
  "logAmp": -2.7,
  "order": 0,
  "sigAmp": 0.3,
  "spectrum_id": 0
}