{
  "Av": 0.0,
  "grid": [
    3994.348249096287,
    3.6604007241299863,
    0.04685220826057939
  ],
  "logOmega": -0.3909661581652709,
  "vsini": 32.396298388168546,
  "vz": 92.11874725236464
}