{
  "l": 5.93739128113,
  "order": 0,
  "logAmp": -1.63860213757,
  "sigAmp": 0.126569345593,
  "spectrum_id": 0,
  "fix_c0": true,
  "cheb": [
    0.0211911518127,
    0.00899600144476,
    0.00831884983927
  ]
}