{
  "Av": 0.0,
  "grid": [
    3898.6910410225937,
    3.5000000000007097,
    -0.025816342416107738
  ],
  "logOmega": -0.0660199375863798,
  "vsini": 29.837471710890227,
  "vz": 15.41162517461754
}