{
  "cheb": [
    0.013034427823731506,
    0.007037993565725949,
    -0.010424937391479849
  ],
  "fix_c0": true,
  "l": 10.0,
  "logAmp": -1.75,
  "order": 0,
  "sigAmp": 1.0,
  "spectrum_id": 0
}