{
  "Av": 0.0,
  "grid": [
    4049.0017464904904,
    3.500000000000162,
    -0.0002447462924696013
  ],
  "logOmega": -0.11886650481772673,
  "vsini": 28.06970104703147,
  "vz": 15.60261319855551
}