{
  "cheb": [
    0.005762593569327535,
    -0.003105567502974001,
    0.0016997824143382039
  ],
  "fix_c0": true,
  "l": 20.0,
  "logAmp": -2.0,
  "order": 0,
  "sigAmp": 1.0,
  "spectrum_id": 0
}