{
  "Av": 0.0,
  "grid": [
    3579.580211663901,
    3.500000000000212,
    -0.14654357837327206
  ],
  "logOmega": -0.45419902512457977,
  "vsini": 31.777236573185448,
  "vz": 91.01526737687638
}