{
  "cheb": [
    -0.004762314721832656,
    0.0021453129030939177,
    0.0011919598013160823
  ],
  "fix_c0": true,
  "l": 10.0,
  "logAmp": -1.75,
  "order": 0,
  "sigAmp": 1.0,
  "spectrum_id": 0
}