{
  "Av": 0.0,
  "grid": [
    3901.1024992741027,
    3.727680168753179,
    0.004948579965303318
  ],
  "logOmega": -0.15524960557856474,
  "vsini": 28.4996198224409,
  "vz": 16.230711662831926
}