{
  "cheb": [
    -0.016216986376821077,
    -0.01006536940325957,
    -0.008870660159755428
  ],
  "fix_c0": true,
  "l": 10.0,
  "logAmp": -1.75,
  "order": 0,
  "sigAmp": 1.0,
  "spectrum_id": 0
}