{
  "cheb": [
    0.012943887603130762,
    0.006227980266247802,
    0.00784479627113509
  ],
  "fix_c0": true,
  "l": 10.0,
  "logAmp": -1.75,
  "order": 0,
  "sigAmp": 1.0,
  "spectrum_id": 0
}