{
  "cheb": [
    0.006832179061603379,
    -0.002912760827156455,
    -0.0045486324003998725
  ],
  "fix_c0": true,
  "l": 25.0,
  "logAmp": -2.7,
  "order": 0,
  "sigAmp": 0.3,
  "spectrum_id": 0
}