{
  "Av": 0.0,
  "grid": [
    3966.32083817069,
    3.50000000000019,
    -0.008335083472240865
  ],
  "logOmega": -0.35579912654087253,
  "vsini": 30.05377009408579,
  "vz": 93.98876995349423
}