{
  "l": 37.7579917908,
  "order": 0,
  "sigAmp": 0.353500366211,
  "fix_c0": true,
  "cheb": [
    -0.0199429038912,
    0.0597638860345,
    -0.00875450484455
  ],
  "logAmp": -1.77449977398,
  "spectrum_id": 0
}