{
  "cheb": [
    0.007550845437706028,
    -0.009113154081006039,
    0.0011517488574557585
  ],
  "fix_c0": true,
  "l": 20.0,
  "logAmp": -2.0,
  "order": 0,
  "sigAmp": 1.0,
  "spectrum_id": 0
}