{
  "cheb": [
    0.03076198339125262,
    0.029062902960004453,
    0.11164047787720655,
    0.058346982770865544
  ],
  "fix_c0": false,
  "l": 20.0,
  "logAmp": -2.0,
  "order": 0,
  "sigAmp": 1.0,
  "spectrum_id": 0
}