{
  "Av": 0.0,
  "grid": [
    3901.7789630923926,
    3.999999999999936,
    -0.20697172593908547
  ],
  "logOmega": -0.3075883577001828,
  "vsini": 30.07667969885871,
  "vz": 91.266153940041
}