{
  "logAmp": -1.73166692257,
  "order": 0,
  "fix_c0": true,
  "spectrum_id": 0,
  "sigAmp": 0.29818096756900003,
  "cheb": [
    0.014962429180700001,
    -0.00481895590201,
    0.005912916269149999
  ],
  "l": 19.241859436
}