{
  "cheb": [
    0.009149599227451902,
    -0.003836260269979701,
    0.007193787213731161
  ],
  "fix_c0": true,
  "l": 10.0,
  "logAmp": -1.75,
  "order": 0,
  "sigAmp": 1.0,
  "spectrum_id": 0
}