{
  "Av": 0.0,
  "grid": [
    3871.214831981998,
    3.9999999999997184,
    -0.04583288943309592
  ],
  "logOmega": 0.0023237894533771853,
  "vsini": 36.308174160655,
  "vz": 11.318272292325446
}