{
  "cheb": [
    0.0027027060128331226,
    0.011140166742351531,
    0.013212310264197683,
    0.012455058938138839
  ],
  "fix_c0": false,
  "l": 20.0,
  "logAmp": -2.0,
  "order": 0,
  "sigAmp": 1.0,
  "spectrum_id": 0
}