{
  "l": 18.2577800751,
  "order": 0,
  "sigAmp": 0.454452872276,
  "fix_c0": true,
  "cheb": [
    0.018492298200700003,
    0.00207827519625,
    0.016824942082200003
  ],
  "logAmp": -1.8269058465999999,
  "spectrum_id": 0
}