{
  "Av": 0.0,
  "grid": [
    3500.293333052885,
    3.999999999944678,
    -0.23080576722271862
  ],
  "logOmega": -0.31759775866703227,
  "vsini": 25.827965768198013,
  "vz": 96.27121635195883
}