{
  "Av": 0.0,
  "grid": [
    3913.0569156424517,
    3.9999999999997207,
    -0.12063334212293711
  ],
  "logOmega": -0.13985807324730937,
  "vsini": 82.33731947379098,
  "vz": 49.87006673168087
}