{
  "cheb": [
    0.004207956040462275,
    0.041708991997960576,
    0.013456033810458902,
    0.018343227537955715
  ],
  "fix_c0": false,
  "l": 20.0,
  "logAmp": -2.0,
  "order": 0,
  "sigAmp": 1.0,
  "spectrum_id": 0
}