{
  "l": 27.485828399699997,
  "order": 0,
  "sigAmp": 5.342382907869999,
  "fix_c0": true,
  "cheb": [
    0.0416104868054,
    0.012248170562100001,
    0.0285940635949
  ],
  "logAmp": -1.7225251197799998,
  "spectrum_id": 0
}