{
  "Av": 0.0,
  "grid": [
    3501.2774209469817,
    3.9999999999230873,
    -0.231440504777368
  ],
  "logOmega": -0.32451523101249546,
  "vsini": 32.65412430598346,
  "vz": 95.99459896648781
}