{
  "cheb": [
    0.0022584841898184776,
    -0.008801574086407138,
    0.021349907707353788
  ],
  "fix_c0": true,
  "l": 25.0,
  "logAmp": -2.0,
  "order": 0,
  "sigAmp": 0.4,
  "spectrum_id": 0
}