{
  "l": 8.057562828060004,
  "order": 0,
  "logAmp": -1.53422760963,
  "sigAmp": 1.0460563898100002,
  "spectrum_id": 0,
  "fix_c0": true,
  "cheb": [
    -0.0093730520457,
    0.007802655454729999,
    0.012635838240399998
  ]
}