{
  "Av": 0.0,
  "grid": [
    4079.8999359463432,
    3.6894239188588074,
    -0.0227865066664967
  ],
  "logOmega": -0.08783300245559429,
  "vsini": 27.81833611445296,
  "vz": 15.89174962917853
}