{
  "Av": 0.0,
  "grid": [
    4090.4561779739097,
    3.706125928708719,
    -0.02408505734144601
  ],
  "logOmega": -0.08773051857751116,
  "vsini": 27.72736756760928,
  "vz": 15.8849832893532
}