{
  "cheb": [
    0.015187778696045281,
    -0.0004488982562266576,
    -0.0008578304008746043
  ],
  "fix_c0": true,
  "l": 25.0,
  "logAmp": -1.9,
  "order": 0,
  "sigAmp": 0.4,
  "spectrum_id": 0
}