{
  "cheb": [
    -0.024942241345669604,
    0.09920236724932083,
    -0.0069698605167832425
  ],
  "fix_c0": true,
  "l": 20.0,
  "logAmp": -2.0,
  "order": 0,
  "sigAmp": 1.0,
  "spectrum_id": 0
}