{
  "cheb": [
    -0.030271783370523594,
    -0.019379614095900697,
    0.009119421220276078
  ],
  "fix_c0": true,
  "l": 10.0,
  "logAmp": -1.75,
  "order": 0,
  "sigAmp": 1.0,
  "spectrum_id": 0
}