{
  "Av": 0.0,
  "grid": [
    3946.019072448714,
    3.6858497033748248,
    0.01572411766189563
  ],
  "logOmega": -0.17095093823353014,
  "vsini": 29.01965970659301,
  "vz": 15.53493796547043
}