{
  "cheb": [
    -0.007712050172970347,
    -0.025474328622122008,
    -0.006994991577479334
  ],
  "fix_c0": true,
  "l": 10.0,
  "logAmp": -1.75,
  "order": 0,
  "sigAmp": 1.0,
  "spectrum_id": 0
}