{
  "Av": 0.0,
  "grid": [
    3959.3915526213027,
    3.5000000000037472,
    -0.0011304863296958264
  ],
  "logOmega": -0.16698012828421027,
  "vsini": 28.75328511709243,
  "vz": 15.788301885659235
}