{
  "cheb": [
    -0.0784011525151244,
    0.10354808830032003,
    -0.007146776561802008
  ],
  "fix_c0": true,
  "l": 10.0,
  "logAmp": -1.75,
  "order": 0,
  "sigAmp": 1.0,
  "spectrum_id": 0
}