{
  "l": 31.3921947479,
  "order": 0,
  "logAmp": -1.48278522491,
  "sigAmp": 1.56340610981,
  "spectrum_id": 0,
  "fix_c0": true,
  "cheb": [
    0.029136361554299998,
    0.00182334450074,
    0.00547853112221
  ]
}