{
  "cheb": [
    0.02748681610666677,
    0.009780660541468325,
    0.01068655068636299
  ],
  "fix_c0": true,
  "l": 10.0,
  "logAmp": -1.75,
  "order": 0,
  "sigAmp": 1.0,
  "spectrum_id": 0
}