{
  "Av": 0.0,
  "grid": [
    3963.281077096822,
    3.999999999999858,
    -0.03460463648315109
  ],
  "logOmega": -0.04523628191808504,
  "vsini": 26.49694452596427,
  "vz": 15.03354612140068
}