{
  "l": 20.5743484497,
  "order": 0,
  "sigAmp": 0.294708222151,
  "fix_c0": true,
  "cheb": [
    0.0133967492729,
    0.00746199069545,
    0.0053580943495
  ],
  "logAmp": -1.81383955479,
  "spectrum_id": 0
}