{
  "cheb": [
    0.001751468181343023,
    0.000507691771330496,
    0.008975641601321969,
    -0.009474270659085706
  ],
  "fix_c0": false,
  "l": 20.0,
  "logAmp": -2.0,
  "order": 0,
  "sigAmp": 1.0,
  "spectrum_id": 0
}