{
  "Av": 0.0,
  "grid": [
    3500.003023023356,
    3.5000000000099725,
    -0.22813886908340664
  ],
  "logOmega": -0.30706601864111077,
  "vsini": 33.197053893929024,
  "vz": 95.64421011484052
}