{
  "cheb": [
    -0.009684737264568314,
    -0.008674142609309937,
    -0.004422306485465238
  ],
  "fix_c0": true,
  "l": 10.0,
  "logAmp": -1.75,
  "order": 0,
  "sigAmp": 1.0,
  "spectrum_id": 0
}