{
  "Av": 0.0,
  "grid": [
    3987.902490891171,
    3.5000000000003517,
    -0.005606337941984724
  ],
  "logOmega": -0.18511148267550576,
  "vsini": 28.80661821822704,
  "vz": 15.926465734985024
}