{
  "cheb": [
    -0.03317234572881693,
    0.045002739494628824,
    0.08923110883846155
  ],
  "fix_c0": true,
  "l": 10.0,
  "logAmp": -1.75,
  "order": 0,
  "sigAmp": 1.0,
  "spectrum_id": 0
}