{
  "cheb": [
    0.024151914864221267,
    -0.001358957095294355,
    -0.0010633203918023137
  ],
  "fix_c0": true,
  "l": 25.0,
  "logAmp": -1.9,
  "order": 0,
  "sigAmp": 0.4,
  "spectrum_id": 0
}