{
  "cheb": [
    0.009795392579013958,
    -0.004182198903959761,
    -0.0074425324622571995
  ],
  "fix_c0": true,
  "l": 25.0,
  "logAmp": -2.7,
  "order": 0,
  "sigAmp": 0.3,
  "spectrum_id": 0
}