{
  "Av": 0.0,
  "grid": [
    3866.5193051671836,
    3.7222350921294884,
    -0.044601646243477865
  ],
  "logOmega": -0.3210326269066535,
  "vsini": 29.135575419187685,
  "vz": 94.97293471837625
}