{
  "cheb": [
    0.09019437518965207,
    -0.042409318253895704,
    0.015250842683862963
  ],
  "fix_c0": true,
  "l": 20.0,
  "logAmp": -2.0,
  "order": 0,
  "sigAmp": 1.0,
  "spectrum_id": 0
}