{
  "cheb": [
    0.023312802864464403,
    -0.0017186044000609935,
    -0.004268565921637175
  ],
  "fix_c0": true,
  "l": 25.0,
  "logAmp": -1.9,
  "order": 0,
  "sigAmp": 0.4,
  "spectrum_id": 0
}