{
  "l": 12.2072134018,
  "order": 0,
  "sigAmp": 0.381403893232,
  "fix_c0": true,
  "cheb": [
    0.025868285447400004,
    -0.002080115024,
    -0.0025515099987399995
  ],
  "logAmp": -1.92439234257,
  "spectrum_id": 0
}