{
  "cheb": [
    0.02147585696699909,
    -0.0028883444556531994,
    -0.003841535235366647
  ],
  "fix_c0": true,
  "l": 20.0,
  "logAmp": -2.0,
  "order": 0,
  "sigAmp": 1.0,
  "spectrum_id": 0
}