{
  "cheb": [
    0.0188484229147,
    0.00573084037751,
    -0.0008987667970360002
  ],
  "fix_c0": true,
  "order": 0,
  "spectrum_id": 0,
  "l": 12.253021240199999,
  "logAmp": -1.93257141113,
  "sigAmp": 0.386264592409
}