{
  "Av": 0.0,
  "grid": [
    4243.016593085155,
    3.7571640751927227,
    -0.06257029912026654
  ],
  "logOmega": -0.21663051190141064,
  "vsini": 29.799157925658754,
  "vz": 89.63098063147186
}