{
  "Av": 0.0,
  "grid": [
    3500.0075977898414,
    3.9999999999398517,
    -0.344239092043751
  ],
  "logOmega": -0.2159325932032071,
  "vsini": 27.279781343446935,
  "vz": 88.98435220288414
}