{
  "cheb": [
    -0.02499049193059845,
    -0.0049905390001013725,
    -0.003336520267510317
  ],
  "fix_c0": true,
  "l": 10.0,
  "logAmp": -1.75,
  "order": 0,
  "sigAmp": 1.0,
  "spectrum_id": 0
}