{
  "cheb": [
    0.0112023474649,
    -0.0032927677966699998,
    -0.0070255221799
  ],
  "fix_c0": true,
  "order": 0,
  "spectrum_id": 0,
  "l": 13.132164001500001,
  "logAmp": -1.88299453259,
  "sigAmp": 0.497386008501
}