{
  "cheb": [
    0.015585305251431406,
    -0.004818979923918127,
    -0.003903521773326697
  ],
  "fix_c0": true,
  "l": 25.0,
  "logAmp": -1.9,
  "order": 0,
  "sigAmp": 0.4,
  "spectrum_id": 0
}