{
  "cheb": [
    0.00906223295250645,
    -0.004189132744545187,
    -0.009603561850847313
  ],
  "fix_c0": true,
  "l": 20.0,
  "logAmp": -2.0,
  "order": 0,
  "sigAmp": 1.0,
  "spectrum_id": 0
}