{
  "l": 16.166809082,
  "order": 0,
  "sigAmp": 0.522469460964,
  "fix_c0": true,
  "cheb": [
    0.007197997532779998,
    -0.00572363147512,
    -0.0104623157531
  ],
  "logAmp": -1.83340299129,
  "spectrum_id": 0
}