{
  "Av": 0.0,
  "grid": [
    3290.631661528916,
    3.999999999998906,
    0.4999999999982043
  ],
  "logOmega": -0.23943013666252927,
  "vsini": 30.892782848700882,
  "vz": 89.32838735449647
}