{
  "Av": 0.0,
  "grid": [
    3500.000000013826,
    3.731082926173352,
    -0.2601840925506417
  ],
  "logOmega": -0.2353922729216142,
  "vsini": 28.815614723277612,
  "vz": 88.95402485018181
}