{
  "cheb": [
    -0.00034938792365027914,
    0.004025703817120323,
    -0.037764821828749524
  ],
  "fix_c0": true,
  "l": 10.0,
  "logAmp": -1.75,
  "order": 0,
  "sigAmp": 1.0,
  "spectrum_id": 0
}