{
  "logAmp": -1.2678630352,
  "order": 0,
  "fix_c0": true,
  "spectrum_id": 0,
  "sigAmp": 2.18257427216,
  "cheb": [
    0.0019495498854700001,
    0.010706861503399999,
    -0.051384370774
  ],
  "l": 43.0880699158
}