{
  "Av": 0.0,
  "grid": [
    4232.481263064632,
    3.7446103747962947,
    -0.49828600922828203
  ],
  "logOmega": -0.09012906005698312,
  "vsini": 25.863641996842865,
  "vz": 14.509215133622515
}