{
  "cheb": [
    0.013398105973062905,
    -0.005374223563294948,
    -0.005140967686850054
  ],
  "fix_c0": true,
  "l": 20.0,
  "logAmp": -2.0,
  "order": 0,
  "sigAmp": 1.0,
  "spectrum_id": 0
}