{
  "l": 23.5076694489,
  "order": 0,
  "sigAmp": 0.407514214516,
  "fix_c0": true,
  "cheb": [
    0.00328366155736,
    0.00952462665737,
    0.048587631434199995
  ],
  "logAmp": -1.82098066807,
  "spectrum_id": 0
}