{
  "cheb": [
    -0.0040837248375474415,
    -0.0027408555205083226,
    0.0033409203542388403
  ],
  "fix_c0": true,
  "l": 10.0,
  "logAmp": -1.75,
  "order": 0,
  "sigAmp": 1.0,
  "spectrum_id": 0
}