{
  "logAmp": -1.39266991615,
  "order": 0,
  "fix_c0": true,
  "spectrum_id": 0,
  "sigAmp": 1.57329666615,
  "cheb": [
    0.017675017938000002,
    -0.00950815156102,
    0.0127411959693
  ],
  "l": 30.6282272339
}