{
  "Av": 0.0,
  "grid": [
    4235.31950983619,
    3.746774703231856,
    -0.12790022663088946
  ],
  "logOmega": -0.09862512488863015,
  "vsini": 29.15045718668081,
  "vz": 14.90605506278835
}