{
  "cheb": [
    0.011735451917140597,
    0.018384381975400342,
    0.03234420743303737
  ],
  "fix_c0": true,
  "l": 10.0,
  "logAmp": -1.75,
  "order": 0,
  "sigAmp": 1.0,
  "spectrum_id": 0
}