{
  "Av": 0.0,
  "grid": [
    4185.254570712929,
    3.500000019036845,
    0.0008007794497255851
  ],
  "logOmega": -0.19950309430482704,
  "vsini": 28.60806024331181,
  "vz": 16.061127409298617
}