{
  "cheb": [
    0.008836313884872288,
    -0.008421875964212643,
    0.0014061990936506316
  ],
  "fix_c0": true,
  "l": 25.0,
  "logAmp": -1.9,
  "order": 0,
  "sigAmp": 0.4,
  "spectrum_id": 0
}