{
  "l": 8.39130496979,
  "order": 0,
  "sigAmp": 0.340505957603,
  "fix_c0": true,
  "cheb": [
    0.008253717795010001,
    -0.0110858371481,
    0.00149548938498
  ],
  "logAmp": -1.9448941946,
  "spectrum_id": 0
}