{
  "cheb": [
    0.012044713832399998,
    -0.007797873113300002,
    0.0015710573643399998
  ],
  "fix_c0": true,
  "order": 0,
  "spectrum_id": 0,
  "l": 8.50651168823,
  "logAmp": -1.94016778469,
  "sigAmp": 0.34251782298100003
}