{
  "cheb": [
    0.0052530945400204206,
    -0.00931478099573407,
    0.0004376407575227411
  ],
  "fix_c0": true,
  "l": 20.0,
  "logAmp": -2.0,
  "order": 0,
  "sigAmp": 1.0,
  "spectrum_id": 0
}