{
  "Av": 0.0,
  "grid": [
    3500.000000000612,
    3.7745261252195323,
    -0.26809862626795633
  ],
  "logOmega": -0.20761763101648073,
  "vsini": 39.546564014635244,
  "vz": 92.08947706625989
}