{
  "Av": 0.0,
  "grid": [
    3462.894207753493,
    3.9993081431515125,
    -0.07982781269116149
  ],
  "logOmega": -0.20788364361236428,
  "vsini": 31.42081539468073,
  "vz": 90.50945764859645
}