{
  "cheb": [
    0.034868678630236044,
    0.003132756642225586,
    0.0026728633696385894
  ],
  "fix_c0": true,
  "l": 25.0,
  "logAmp": -1.9,
  "order": 0,
  "sigAmp": 0.4,
  "spectrum_id": 0
}