{
  "cheb": [
    -0.012480032519966088,
    -0.007458901708329253,
    0.012053916435019352
  ],
  "fix_c0": true,
  "l": 10.0,
  "logAmp": -1.75,
  "order": 0,
  "sigAmp": 1.0,
  "spectrum_id": 0
}