{
  "Av": 0.0,
  "grid": [
    3904.8347634245747,
    3.5000000000005635,
    -0.0017874113489902148
  ],
  "logOmega": -0.17465597339431194,
  "vsini": 28.695340465886616,
  "vz": 15.713695325808139
}