{
  "cheb": [
    0.0012615100857729833,
    -0.0006505744664772656,
    -0.008897456926507327
  ],
  "fix_c0": true,
  "l": 25.0,
  "logAmp": -1.9,
  "order": 0,
  "sigAmp": 0.4,
  "spectrum_id": 0
}