{
  "cheb": [
    0.04729515789564755,
    0.004024791602670445,
    0.044021123273408236
  ],
  "fix_c0": true,
  "l": 10.0,
  "logAmp": -1.75,
  "order": 0,
  "sigAmp": 1.0,
  "spectrum_id": 0
}