{
  "cheb": [
    -0.031317576965717804,
    -0.01700861365815071,
    0.032127245530797946
  ],
  "fix_c0": true,
  "l": 20.0,
  "logAmp": -2.0,
  "order": 0,
  "sigAmp": 1.0,
  "spectrum_id": 0
}