{
  "l": 29.373140335100004,
  "order": 0,
  "sigAmp": 0.369811475277,
  "fix_c0": true,
  "cheb": [
    -0.039929103106300004,
    -0.019744606688599998,
    0.026238642633000003
  ],
  "logAmp": -1.7502998113599997,
  "spectrum_id": 0
}