{
  "Av": 0.0,
  "grid": [
    4247.094389254276,
    3.999999999999818,
    -0.19559811244824304
  ],
  "logOmega": -0.2924022525861434,
  "vsini": 29.965948227719295,
  "vz": 91.40672814475886
}