{
  "cheb": [
    0.0192224308848,
    0.00946184899658,
    -0.00144993083086
  ],
  "fix_c0": true,
  "order": 0,
  "spectrum_id": 0,
  "l": 8.452912330630001,
  "logAmp": -1.79624152184,
  "sigAmp": 0.4105576574800001
}