{
  "l": 8.62006473541,
  "order": 0,
  "sigAmp": 0.40924799442299997,
  "fix_c0": true,
  "cheb": [
    0.010327192954700002,
    0.00980270560831,
    -0.00337186921388
  ],
  "logAmp": -1.7868000268900002,
  "spectrum_id": 0
}