{
  "cheb": [
    0.015395851616165926,
    0.00531184091870902,
    -0.0016650901363212752
  ],
  "fix_c0": true,
  "l": 25.0,
  "logAmp": -1.9,
  "order": 0,
  "sigAmp": 0.4,
  "spectrum_id": 0
}