{
  "Av": 0.0,
  "grid": [
    3500.0000006508926,
    3.999999994029092,
    -0.20387141602702724
  ],
  "logOmega": -0.3053363241058023,
  "vsini": 30.342009369859902,
  "vz": 95.1856472301333
}