{
  "Av": 0.0,
  "grid": [
    3527.273736599336,
    3.999999999998791,
    0.00018258374472232574
  ],
  "logOmega": -0.30675310142171575,
  "vsini": 28.394088663987915,
  "vz": 95.45278373609844
}