{
  "cheb": [
    -0.013546343454124032,
    0.021224034865409497,
    0.005841413226049904
  ],
  "fix_c0": true,
  "l": 10.0,
  "logAmp": -1.75,
  "order": 0,
  "sigAmp": 1.0,
  "spectrum_id": 0
}