{
  "Av": 0.0,
  "grid": [
    4092.147295765848,
    3.5000000001901768,
    0.0006098062147279486
  ],
  "logOmega": -0.09305781617843548,
  "vsini": 28.493519389071444,
  "vz": 15.255289455233278
}