{
  "cheb": [
    0.01719222191127538,
    0.004697795462806507,
    -0.0024182641168882836
  ],
  "fix_c0": true,
  "l": 20.0,
  "logAmp": -2.0,
  "order": 0,
  "sigAmp": 1.0,
  "spectrum_id": 0
}