{
  "cheb": [
    0.01689285940318408,
    0.006506758670239468,
    -0.000202214909389788
  ],
  "fix_c0": true,
  "l": 20.0,
  "logAmp": -2.0,
  "order": 0,
  "sigAmp": 1.0,
  "spectrum_id": 0
}