{
  "cheb": [
    0.01811443157760738,
    0.017550416759366527,
    -0.003103760119611363
  ],
  "fix_c0": true,
  "l": 10.0,
  "logAmp": -1.75,
  "order": 0,
  "sigAmp": 1.0,
  "spectrum_id": 0
}