{
  "logAmp": -1.47292602062,
  "order": 0,
  "fix_c0": true,
  "spectrum_id": 0,
  "sigAmp": 0.805394768715,
  "cheb": [
    0.009669519960879999,
    0.007773322518909998,
    -0.00610763672739
  ],
  "l": 10.8581609726
}