{
  "Av": 0.0,
  "grid": [
    4299.999999992622,
    3.986996496783894,
    -0.030929584413587195
  ],
  "logOmega": -0.03589208483079016,
  "vsini": 29.543677563222992,
  "vz": 13.920674005344814
}