{
  "cheb": [
    0.017417902080960824,
    -0.007152459320835898,
    -0.004174841643123466
  ],
  "fix_c0": true,
  "l": 10.0,
  "logAmp": -1.75,
  "order": 0,
  "sigAmp": 1.0,
  "spectrum_id": 0
}