{
  "cheb": [
    -0.03937406825748134,
    0.08213928745807962,
    -0.01768601120392071
  ],
  "fix_c0": true,
  "l": 20.0,
  "logAmp": -2.0,
  "order": 0,
  "sigAmp": 1.0,
  "spectrum_id": 0
}