{
  "cheb": [
    0.008243622633360457,
    -0.004213149207467655,
    0.003696331699578546
  ],
  "fix_c0": true,
  "l": 10.0,
  "logAmp": -1.75,
  "order": 0,
  "sigAmp": 1.0,
  "spectrum_id": 0
}