{
  "Av": 0.0,
  "grid": [
    3789.8351024508274,
    3.500000000000251,
    0.0004931289985132671
  ],
  "logOmega": -0.0811959627589667,
  "vsini": 28.825164288527525,
  "vz": 15.464880409769261
}