{
  "cheb": [
    0.001798033642795598,
    0.013902201219738439,
    0.008546376574606034,
    0.0015403302437861784
  ],
  "fix_c0": false,
  "l": 20.0,
  "logAmp": -2.0,
  "order": 0,
  "sigAmp": 1.0,
  "spectrum_id": 0
}