{
  "l": 16.8641834259,
  "order": 0,
  "sigAmp": 0.6163379549979999,
  "fix_c0": true,
  "cheb": [
    0.0152751114219,
    0.00998513307422,
    0.00434656161815
  ],
  "logAmp": -1.8314787149400005,
  "spectrum_id": 0
}