{
  "Av": 0.0,
  "grid": [
    3500.000000060021,
    3.7154527752041844,
    -0.21854286958129687
  ],
  "logOmega": -0.322605503656206,
  "vsini": 28.029437825782132,
  "vz": 95.24896705719854
}