{
  "cheb": [
    0.029896725331762956,
    0.015753912614036678,
    0.006555520365667696
  ],
  "fix_c0": true,
  "l": 10.0,
  "logAmp": -1.75,
  "order": 0,
  "sigAmp": 1.0,
  "spectrum_id": 0
}