{
  "Av": 0.0,
  "grid": [
    4035.1433060926765,
    3.7011492131515573,
    0.20518755340815029
  ],
  "logOmega": -0.15289644590136903,
  "vsini": 29.30939817057392,
  "vz": 15.723302715800328
}