{
  "l": 23.666599273699997,
  "order": 0,
  "sigAmp": 0.4779190123080001,
  "fix_c0": true,
  "cheb": [
    0.054564807564000006,
    0.003228825517,
    0.0121657438576
  ],
  "logAmp": -1.7956867218,
  "spectrum_id": 0
}