{
  "logAmp": -1.80090510845,
  "order": 0,
  "fix_c0": true,
  "spectrum_id": 0,
  "sigAmp": 0.237517058849,
  "cheb": [
    -0.000992293353193,
    0.009793731383979999,
    0.0055227461271
  ],
  "l": 5.45289850235
}