{
  "Av": 0.0,
  "grid": [
    3760.4417245166214,
    3.999999999994735,
    -0.03152626162184188
  ],
  "logOmega": -0.05722476229975473,
  "vsini": 28.225073642363157,
  "vz": 14.942521919481454
}