{
  "cheb": [
    0.002606009653694161,
    0.0016714494208969935,
    0.0010313158498966221
  ],
  "fix_c0": true,
  "l": 10.0,
  "logAmp": -1.75,
  "order": 0,
  "sigAmp": 1.0,
  "spectrum_id": 0
}