{
  "cheb": [
    0.017101506568328616,
    -0.005563907247028868,
    0.00653400176261589
  ],
  "fix_c0": true,
  "l": 25.0,
  "logAmp": -2.7,
  "order": 0,
  "sigAmp": 0.3,
  "spectrum_id": 0
}