{
  "Av": 0.0,
  "grid": [
    3862.4789989972387,
    3.687405356822936,
    0.011983521745207368
  ],
  "logOmega": -0.37335901443727776,
  "vsini": 29.099890550070185,
  "vz": 95.48382786587239
}